backend,chksum,hide_time,retrieve_time
BACKEND_NULL,CHKSUM_NONE,0.42858004570007324,0.3009521961212158
BACKEND_NULL,CHKSUM_NONE,0.4227778911590576,0.323486328125
BACKEND_NULL,CHKSUM_NONE,0.4057445526123047,0.323458194732666
BACKEND_NULL,CHKSUM_NONE,0.4697754383087158,0.41022753715515137
BACKEND_NULL,CHKSUM_NONE,0.5236320495605469,0.4158966541290283
BACKEND_NULL,CHKSUM_NONE,0.4710121154785156,0.3496575355529785
BACKEND_NULL,CHKSUM_NONE,0.429973840713501,0.3435070514678955
BACKEND_NULL,CHKSUM_NONE,0.5003581047058105,0.31708717346191406
BACKEND_NULL,CHKSUM_NONE,0.4189329147338867,0.3244893550872803
BACKEND_NULL,CHKSUM_NONE,0.3905365467071533,0.3185701370239258
BACKEND_NULL,CHKSUM_NONE,0.41396570205688477,0.30759453773498535
BACKEND_NULL,CHKSUM_NONE,0.45873045921325684,0.32803773880004883
BACKEND_NULL,CHKSUM_NONE,0.42290329933166504,0.31067991256713867
BACKEND_NULL,CHKSUM_NONE,0.42165613174438477,0.2858278751373291
BACKEND_NULL,CHKSUM_NONE,0.4579765796661377,0.3015129566192627
BACKEND_NULL,CHKSUM_NONE,0.40541815757751465,0.2811417579650879
BACKEND_NULL,CHKSUM_NONE,0.39818644523620605,0.30049800872802734
BACKEND_NULL,CHKSUM_NONE,0.4376673698425293,0.3119344711303711
BACKEND_NULL,CHKSUM_NONE,0.4113729000091553,0.27585458755493164
BACKEND_NULL,CHKSUM_NONE,0.3946409225463867,0.30370163917541504
BACKEND_NULL,CHKSUM_NONE,0.4044382572174072,0.29373788833618164
BACKEND_NULL,CHKSUM_NONE,0.47140049934387207,0.2903413772583008
BACKEND_NULL,CHKSUM_NONE,0.4153931140899658,0.28359365463256836
BACKEND_NULL,CHKSUM_NONE,0.4110593795776367,0.3097519874572754
BACKEND_NULL,CHKSUM_NONE,0.4029407501220703,0.30881237983703613
BACKEND_NULL,CHKSUM_NONE,0.4137837886810303,0.3197915554046631
BACKEND_NULL,CHKSUM_NONE,0.5940587520599365,0.39467430114746094
BACKEND_NULL,CHKSUM_NONE,0.45698118209838867,0.4063436985015869
BACKEND_NULL,CHKSUM_NONE,0.5803682804107666,0.38243818283081055
BACKEND_NULL,CHKSUM_NONE,0.4322638511657715,0.31328272819519043
BACKEND_NULL,CHKSUM_NONE,0.4652683734893799,0.329301118850708
BACKEND_NULL,CHKSUM_NONE,0.42473888397216797,0.3072013854980469
BACKEND_NULL,CHKSUM_NONE,0.45097875595092773,0.3595278263092041
BACKEND_NULL,CHKSUM_NONE,0.4797983169555664,0.30103373527526855
BACKEND_NULL,CHKSUM_NONE,0.506725549697876,0.37732529640197754
BACKEND_NULL,CHKSUM_NONE,0.4214653968811035,0.29949164390563965
BACKEND_NULL,CHKSUM_NONE,0.44882655143737793,0.3690032958984375
BACKEND_NULL,CHKSUM_NONE,0.4701070785522461,0.3818380832672119
BACKEND_NULL,CHKSUM_NONE,0.47571706771850586,0.36241722106933594
BACKEND_NULL,CHKSUM_NONE,0.44386935234069824,0.32090115547180176
BACKEND_NULL,CHKSUM_NONE,0.4976375102996826,0.36108827590942383
BACKEND_NULL,CHKSUM_NONE,0.4387829303741455,0.36072444915771484
BACKEND_NULL,CHKSUM_NONE,0.487562894821167,0.3017759323120117
BACKEND_NULL,CHKSUM_NONE,0.5387072563171387,0.34038782119750977
BACKEND_NULL,CHKSUM_NONE,0.4497196674346924,0.3225440979003906
BACKEND_NULL,CHKSUM_NONE,0.4485459327697754,0.32343482971191406
BACKEND_NULL,CHKSUM_NONE,0.4496476650238037,0.3057425022125244
BACKEND_NULL,CHKSUM_NONE,0.4534890651702881,0.27453160285949707
BACKEND_NULL,CHKSUM_NONE,0.4293038845062256,0.29584431648254395
BACKEND_NULL,CHKSUM_NONE,0.46195101737976074,0.3496572971343994
BACKEND_NULL,CHKSUM_NONE,0.4397299289703369,0.30910158157348633
BACKEND_NULL,CHKSUM_NONE,0.501882791519165,0.29481077194213867
BACKEND_NULL,CHKSUM_NONE,0.41468310356140137,0.3491952419281006
BACKEND_NULL,CHKSUM_NONE,0.4167060852050781,0.3411698341369629
BACKEND_NULL,CHKSUM_NONE,0.42580723762512207,0.372495174407959
BACKEND_NULL,CHKSUM_NONE,0.45178937911987305,0.30515575408935547
BACKEND_NULL,CHKSUM_NONE,0.3918290138244629,0.29335904121398926
BACKEND_NULL,CHKSUM_NONE,0.40514707565307617,0.3137979507446289
BACKEND_NULL,CHKSUM_NONE,0.44222307205200195,0.33339452743530273
BACKEND_NULL,CHKSUM_NONE,0.44754791259765625,0.35002756118774414
BACKEND_NULL,CHKSUM_NONE,0.46381545066833496,0.301785945892334
BACKEND_NULL,CHKSUM_NONE,0.36764097213745117,0.2701089382171631
BACKEND_NULL,CHKSUM_NONE,0.40578556060791016,0.33479833602905273
BACKEND_NULL,CHKSUM_NONE,0.4419670104980469,0.2789306640625
BACKEND_NULL,CHKSUM_NONE,0.3955509662628174,0.2944769859313965
BACKEND_NULL,CHKSUM_NONE,0.4201812744140625,0.3203246593475342
BACKEND_NULL,CHKSUM_NONE,0.40952563285827637,0.32906222343444824
BACKEND_NULL,CHKSUM_NONE,0.4488358497619629,0.3152611255645752
BACKEND_NULL,CHKSUM_NONE,0.43540191650390625,0.29796457290649414
BACKEND_NULL,CHKSUM_NONE,0.43877553939819336,0.3405897617340088
BACKEND_NULL,CHKSUM_NONE,0.4702916145324707,0.3160591125488281
BACKEND_NULL,CHKSUM_NONE,0.38840556144714355,0.31033992767333984
BACKEND_NULL,CHKSUM_NONE,0.39765024185180664,0.31473445892333984
BACKEND_NULL,CHKSUM_NONE,0.4467904567718506,0.3701503276824951
BACKEND_NULL,CHKSUM_NONE,0.4785306453704834,0.32761454582214355
BACKEND_NULL,CHKSUM_NONE,0.4320075511932373,0.2969508171081543
BACKEND_NULL,CHKSUM_NONE,0.46696043014526367,0.31001877784729004
BACKEND_NULL,CHKSUM_NONE,0.3927936553955078,0.3332252502441406
BACKEND_NULL,CHKSUM_NONE,0.4685800075531006,0.34459996223449707
BACKEND_NULL,CHKSUM_NONE,0.530480146408081,0.35860180854797363
BACKEND_NULL,CHKSUM_NONE,0.4438669681549072,0.3315703868865967
BACKEND_NULL,CHKSUM_NONE,0.4406261444091797,0.3203737735748291
BACKEND_NULL,CHKSUM_NONE,0.43735527992248535,0.34528255462646484
BACKEND_NULL,CHKSUM_NONE,0.47150158882141113,0.2901287078857422
BACKEND_NULL,CHKSUM_NONE,0.48343515396118164,0.3541908264160156
BACKEND_NULL,CHKSUM_NONE,0.49761176109313965,0.3528482913970947
BACKEND_NULL,CHKSUM_NONE,0.4101591110229492,0.376953125
BACKEND_NULL,CHKSUM_NONE,0.47256946563720703,0.3738515377044678
BACKEND_NULL,CHKSUM_NONE,0.47508907318115234,0.36490750312805176
BACKEND_NULL,CHKSUM_NONE,0.4656956195831299,0.38118863105773926
BACKEND_NULL,CHKSUM_NONE,0.5110101699829102,0.40319275856018066
BACKEND_NULL,CHKSUM_NONE,0.5033245086669922,0.3843512535095215
BACKEND_NULL,CHKSUM_NONE,0.5108764171600342,0.3481786251068115
BACKEND_NULL,CHKSUM_NONE,0.4366300106048584,0.35852837562561035
BACKEND_NULL,CHKSUM_NONE,0.44745683670043945,0.33259034156799316
BACKEND_NULL,CHKSUM_NONE,0.5087580680847168,0.34751439094543457
BACKEND_NULL,CHKSUM_NONE,0.49214601516723633,0.34177350997924805
BACKEND_NULL,CHKSUM_NONE,0.45917773246765137,0.35392332077026367
BACKEND_NULL,CHKSUM_NONE,0.4026477336883545,0.3029215335845947
BACKEND_NULL,CHKSUM_NONE,0.4260833263397217,0.3452756404876709
BACKEND_NULL,CHKSUM_CRC32,0.39989590644836426,0.32131075859069824
BACKEND_NULL,CHKSUM_CRC32,0.3976294994354248,0.35670948028564453
BACKEND_NULL,CHKSUM_CRC32,0.4257636070251465,0.31551098823547363
BACKEND_NULL,CHKSUM_CRC32,0.4793522357940674,0.32312560081481934
BACKEND_NULL,CHKSUM_CRC32,0.3907036781311035,0.2997865676879883
BACKEND_NULL,CHKSUM_CRC32,0.4675002098083496,0.3396451473236084
BACKEND_NULL,CHKSUM_CRC32,0.4232900142669678,0.3282299041748047
BACKEND_NULL,CHKSUM_CRC32,0.45114898681640625,0.2997751235961914
BACKEND_NULL,CHKSUM_CRC32,0.4173452854156494,0.32990193367004395
BACKEND_NULL,CHKSUM_CRC32,0.4386167526245117,0.31897735595703125
BACKEND_NULL,CHKSUM_CRC32,0.47020697593688965,0.3070664405822754
BACKEND_NULL,CHKSUM_CRC32,0.43025875091552734,0.3150796890258789
BACKEND_NULL,CHKSUM_CRC32,0.4684758186340332,0.3448307514190674
BACKEND_NULL,CHKSUM_CRC32,0.44716787338256836,0.29648685455322266
BACKEND_NULL,CHKSUM_CRC32,0.41521406173706055,0.3048243522644043
BACKEND_NULL,CHKSUM_CRC32,0.4589052200317383,0.3111872673034668
BACKEND_NULL,CHKSUM_CRC32,0.3788583278656006,0.3172128200531006
BACKEND_NULL,CHKSUM_CRC32,0.4722874164581299,0.3365654945373535
BACKEND_NULL,CHKSUM_CRC32,0.4350852966308594,0.38619065284729004
BACKEND_NULL,CHKSUM_CRC32,0.42837071418762207,0.3486955165863037
BACKEND_NULL,CHKSUM_CRC32,0.45905041694641113,0.4552342891693115
BACKEND_NULL,CHKSUM_CRC32,0.44652366638183594,0.34876561164855957
BACKEND_NULL,CHKSUM_CRC32,0.47870850563049316,0.33301377296447754
BACKEND_NULL,CHKSUM_CRC32,0.4394102096557617,0.3276102542877197
BACKEND_NULL,CHKSUM_CRC32,0.47864866256713867,0.3642094135284424
BACKEND_NULL,CHKSUM_CRC32,0.448239803314209,0.31707763671875
BACKEND_NULL,CHKSUM_CRC32,0.43288421630859375,0.3348958492279053
BACKEND_NULL,CHKSUM_CRC32,0.42025208473205566,0.31580066680908203
BACKEND_NULL,CHKSUM_CRC32,0.41707682609558105,0.3226487636566162
BACKEND_NULL,CHKSUM_CRC32,0.4815225601196289,0.41104865074157715
BACKEND_NULL,CHKSUM_CRC32,0.4545474052429199,0.34176039695739746
BACKEND_NULL,CHKSUM_CRC32,0.40519046783447266,0.31690120697021484
BACKEND_NULL,CHKSUM_CRC32,0.426832914352417,0.3419370651245117
BACKEND_NULL,CHKSUM_CRC32,0.40988636016845703,0.31471920013427734
BACKEND_NULL,CHKSUM_CRC32,0.47356295585632324,0.3428921699523926
BACKEND_NULL,CHKSUM_CRC32,0.44397711753845215,0.30232667922973633
BACKEND_NULL,CHKSUM_CRC32,0.4257199764251709,0.3319997787475586
BACKEND_NULL,CHKSUM_CRC32,0.4564638137817383,0.31575965881347656
BACKEND_NULL,CHKSUM_CRC32,0.4248940944671631,0.3363456726074219
BACKEND_NULL,CHKSUM_CRC32,0.45652270317077637,0.2971012592315674
BACKEND_NULL,CHKSUM_CRC32,0.38459229469299316,0.3254096508026123
BACKEND_NULL,CHKSUM_CRC32,0.40730834007263184,0.33074164390563965
BACKEND_NULL,CHKSUM_CRC32,0.4681723117828369,0.3318021297454834
BACKEND_NULL,CHKSUM_CRC32,0.3849027156829834,0.31961584091186523
BACKEND_NULL,CHKSUM_CRC32,0.4080381393432617,0.3223567008972168
BACKEND_NULL,CHKSUM_CRC32,0.4164614677429199,0.31386423110961914
BACKEND_NULL,CHKSUM_CRC32,0.4699263572692871,0.3111898899078369
BACKEND_NULL,CHKSUM_CRC32,0.4329409599304199,0.2892131805419922
BACKEND_NULL,CHKSUM_CRC32,0.4308898448944092,0.3095893859863281
BACKEND_NULL,CHKSUM_CRC32,0.4164276123046875,0.30030131340026855
BACKEND_NULL,CHKSUM_CRC32,0.40973949432373047,0.31973934173583984
BACKEND_NULL,CHKSUM_CRC32,0.42093372344970703,0.3209249973297119
BACKEND_NULL,CHKSUM_CRC32,0.41967034339904785,0.31211256980895996
BACKEND_NULL,CHKSUM_CRC32,0.4383363723754883,0.3226957321166992
BACKEND_NULL,CHKSUM_CRC32,0.4098081588745117,0.3296244144439697
BACKEND_NULL,CHKSUM_CRC32,0.414278507232666,0.29321813583374023
BACKEND_NULL,CHKSUM_CRC32,0.38861775398254395,0.2931339740753174
BACKEND_NULL,CHKSUM_CRC32,0.4336867332458496,0.36097288131713867
BACKEND_NULL,CHKSUM_CRC32,0.42499375343322754,0.28361964225769043
BACKEND_NULL,CHKSUM_CRC32,0.46047449111938477,0.32694482803344727
BACKEND_NULL,CHKSUM_CRC32,0.4760093688964844,0.3117988109588623
BACKEND_NULL,CHKSUM_CRC32,0.42632079124450684,0.3180248737335205
BACKEND_NULL,CHKSUM_CRC32,0.41804957389831543,0.308682918548584
BACKEND_NULL,CHKSUM_CRC32,0.5301158428192139,0.4049031734466553
BACKEND_NULL,CHKSUM_CRC32,0.4331362247467041,0.4227774143218994
BACKEND_NULL,CHKSUM_CRC32,0.5341172218322754,0.4317452907562256
BACKEND_NULL,CHKSUM_CRC32,0.4569230079650879,0.38683605194091797
BACKEND_NULL,CHKSUM_CRC32,0.4311187267303467,0.3307375907897949
BACKEND_NULL,CHKSUM_CRC32,0.4062178134918213,0.3272113800048828
BACKEND_NULL,CHKSUM_CRC32,0.40521931648254395,0.31780505180358887
BACKEND_NULL,CHKSUM_CRC32,0.5047383308410645,0.38785409927368164
BACKEND_NULL,CHKSUM_CRC32,0.48050427436828613,0.36925530433654785
BACKEND_NULL,CHKSUM_CRC32,0.47860097885131836,0.353626012802124
BACKEND_NULL,CHKSUM_CRC32,0.46709203720092773,0.3762836456298828
BACKEND_NULL,CHKSUM_CRC32,0.4625072479248047,0.3215770721435547
BACKEND_NULL,CHKSUM_CRC32,0.43619823455810547,0.3341789245605469
BACKEND_NULL,CHKSUM_CRC32,0.47855591773986816,0.3474581241607666
BACKEND_NULL,CHKSUM_CRC32,0.40145182609558105,0.34322404861450195
BACKEND_NULL,CHKSUM_CRC32,0.4708418846130371,0.40091896057128906
BACKEND_NULL,CHKSUM_CRC32,0.5306429862976074,0.3641061782836914
BACKEND_NULL,CHKSUM_CRC32,0.465848445892334,0.35967302322387695
BACKEND_NULL,CHKSUM_CRC32,0.455913782119751,0.3588273525238037
BACKEND_NULL,CHKSUM_CRC32,0.45833778381347656,0.38013505935668945
BACKEND_NULL,CHKSUM_CRC32,0.47869420051574707,0.39649200439453125
BACKEND_NULL,CHKSUM_CRC32,0.4648468494415283,0.41560816764831543
BACKEND_NULL,CHKSUM_CRC32,0.4195833206176758,0.4031648635864258
BACKEND_NULL,CHKSUM_CRC32,0.49739742279052734,0.36224794387817383
BACKEND_NULL,CHKSUM_CRC32,0.4401071071624756,0.35148167610168457
BACKEND_NULL,CHKSUM_CRC32,0.4682762622833252,0.3349757194519043
BACKEND_NULL,CHKSUM_CRC32,0.4510459899902344,0.36084961891174316
BACKEND_NULL,CHKSUM_CRC32,0.4841446876525879,0.34125328063964844
BACKEND_NULL,CHKSUM_CRC32,0.5193216800689697,0.3287334442138672
BACKEND_NULL,CHKSUM_CRC32,0.4893381595611572,0.32460856437683105
BACKEND_NULL,CHKSUM_CRC32,0.4029238224029541,0.3162710666656494
BACKEND_NULL,CHKSUM_CRC32,0.3969614505767822,0.3195338249206543
BACKEND_NULL,CHKSUM_CRC32,0.42870521545410156,0.31833577156066895
BACKEND_NULL,CHKSUM_CRC32,0.4294886589050293,0.31903648376464844
BACKEND_NULL,CHKSUM_CRC32,0.4547710418701172,0.31973814964294434
BACKEND_NULL,CHKSUM_CRC32,0.42603230476379395,0.3148369789123535
BACKEND_NULL,CHKSUM_CRC32,0.41663336753845215,0.40410399436950684
BACKEND_NULL,CHKSUM_MD5,0.5364160537719727,0.36757874488830566
BACKEND_NULL,CHKSUM_MD5,0.44521665573120117,0.36391425132751465
BACKEND_NULL,CHKSUM_MD5,0.45006561279296875,0.36080241203308105
BACKEND_NULL,CHKSUM_MD5,0.4111607074737549,0.3464171886444092
BACKEND_NULL,CHKSUM_MD5,0.4596095085144043,0.37961626052856445
BACKEND_NULL,CHKSUM_MD5,0.47376322746276855,0.3063936233520508
BACKEND_NULL,CHKSUM_MD5,0.5031032562255859,0.3539576530456543
BACKEND_NULL,CHKSUM_MD5,0.4530808925628662,0.31142473220825195
BACKEND_NULL,CHKSUM_MD5,0.4360930919647217,0.3195669651031494
BACKEND_NULL,CHKSUM_MD5,0.41307783126831055,0.3032822608947754
BACKEND_NULL,CHKSUM_MD5,0.40679121017456055,0.3338613510131836
BACKEND_NULL,CHKSUM_MD5,0.4405841827392578,0.311722993850708
BACKEND_NULL,CHKSUM_MD5,0.42064976692199707,0.2970864772796631
BACKEND_NULL,CHKSUM_MD5,0.433795690536499,0.30268311500549316
BACKEND_NULL,CHKSUM_MD5,0.41312146186828613,0.28554558753967285
BACKEND_NULL,CHKSUM_MD5,0.42493605613708496,0.3660717010498047
BACKEND_NULL,CHKSUM_MD5,0.523798942565918,0.38544249534606934
BACKEND_NULL,CHKSUM_MD5,0.4605884552001953,0.3208937644958496
BACKEND_NULL,CHKSUM_MD5,0.44933271408081055,0.3320338726043701
BACKEND_NULL,CHKSUM_MD5,0.46244311332702637,0.3433661460876465
BACKEND_NULL,CHKSUM_MD5,0.41938328742980957,0.33124804496765137
BACKEND_NULL,CHKSUM_MD5,0.46846532821655273,0.3305041790008545
BACKEND_NULL,CHKSUM_MD5,0.42183732986450195,0.35721850395202637
BACKEND_NULL,CHKSUM_MD5,0.4551222324371338,0.3218252658843994
BACKEND_NULL,CHKSUM_MD5,0.4412815570831299,0.3516387939453125
BACKEND_NULL,CHKSUM_MD5,0.4647529125213623,0.32666993141174316
BACKEND_NULL,CHKSUM_MD5,0.45489501953125,0.37604475021362305
BACKEND_NULL,CHKSUM_MD5,0.4727485179901123,0.3644752502441406
BACKEND_NULL,CHKSUM_MD5,0.46606898307800293,0.31960082054138184
BACKEND_NULL,CHKSUM_MD5,0.43883824348449707,0.2952120304107666
BACKEND_NULL,CHKSUM_MD5,0.4618082046508789,0.3275740146636963
BACKEND_NULL,CHKSUM_MD5,0.4747786521911621,0.30533909797668457
BACKEND_NULL,CHKSUM_MD5,0.42246484756469727,0.3623168468475342
BACKEND_NULL,CHKSUM_MD5,0.4947395324707031,0.3609504699707031
BACKEND_NULL,CHKSUM_MD5,0.5010342597961426,0.3092825412750244
BACKEND_NULL,CHKSUM_MD5,0.4864804744720459,0.3265399932861328
BACKEND_NULL,CHKSUM_MD5,0.44153928756713867,0.32442712783813477
BACKEND_NULL,CHKSUM_MD5,0.435563325881958,0.31029462814331055
BACKEND_NULL,CHKSUM_MD5,0.41965579986572266,0.28426408767700195
BACKEND_NULL,CHKSUM_MD5,0.552175760269165,0.392153263092041
BACKEND_NULL,CHKSUM_MD5,0.44017767906188965,0.29899096488952637
BACKEND_NULL,CHKSUM_MD5,0.4887862205505371,0.37727975845336914
BACKEND_NULL,CHKSUM_MD5,0.4181675910949707,0.302844762802124
BACKEND_NULL,CHKSUM_MD5,0.4391143321990967,0.3490877151489258
BACKEND_NULL,CHKSUM_MD5,0.4508223533630371,0.2798030376434326
BACKEND_NULL,CHKSUM_MD5,0.4266085624694824,0.2886345386505127
BACKEND_NULL,CHKSUM_MD5,0.4354875087738037,0.3083469867706299
BACKEND_NULL,CHKSUM_MD5,0.4637410640716553,0.3063352108001709
BACKEND_NULL,CHKSUM_MD5,0.414398193359375,0.3084268569946289
BACKEND_NULL,CHKSUM_MD5,0.45719313621520996,0.31719040870666504
BACKEND_NULL,CHKSUM_MD5,0.41538310050964355,0.30208325386047363
BACKEND_NULL,CHKSUM_MD5,0.39971923828125,0.2965054512023926
BACKEND_NULL,CHKSUM_MD5,0.4709653854370117,0.3118703365325928
BACKEND_NULL,CHKSUM_MD5,0.43712687492370605,0.33138442039489746
BACKEND_NULL,CHKSUM_MD5,0.41730284690856934,0.3318333625793457
BACKEND_NULL,CHKSUM_MD5,0.4490797519683838,0.285233736038208
BACKEND_NULL,CHKSUM_MD5,0.4026944637298584,0.3330674171447754
BACKEND_NULL,CHKSUM_MD5,0.4431772232055664,0.31311655044555664
BACKEND_NULL,CHKSUM_MD5,0.4193120002746582,0.30921196937561035
BACKEND_NULL,CHKSUM_MD5,0.4608898162841797,0.31287527084350586
BACKEND_NULL,CHKSUM_MD5,0.4558384418487549,0.3085601329803467
BACKEND_NULL,CHKSUM_MD5,0.38437485694885254,0.30494022369384766
BACKEND_NULL,CHKSUM_MD5,0.4604501724243164,0.29320430755615234
BACKEND_NULL,CHKSUM_MD5,0.3988077640533447,0.3001291751861572
BACKEND_NULL,CHKSUM_MD5,0.39490818977355957,0.3023355007171631
BACKEND_NULL,CHKSUM_MD5,0.4261605739593506,0.3291304111480713
BACKEND_NULL,CHKSUM_MD5,0.5185697078704834,0.3387410640716553
BACKEND_NULL,CHKSUM_MD5,0.47103166580200195,0.36354660987854004
BACKEND_NULL,CHKSUM_MD5,0.47882843017578125,0.4051196575164795
BACKEND_NULL,CHKSUM_MD5,0.49889636039733887,0.3269519805908203
BACKEND_NULL,CHKSUM_MD5,0.44214844703674316,0.36244869232177734
BACKEND_NULL,CHKSUM_MD5,0.5040011405944824,0.39916348457336426
BACKEND_NULL,CHKSUM_MD5,0.4420022964477539,0.29665112495422363
BACKEND_NULL,CHKSUM_MD5,0.4503767490386963,0.3123350143432617
BACKEND_NULL,CHKSUM_MD5,0.4549851417541504,0.29950952529907227
BACKEND_NULL,CHKSUM_MD5,0.40638184547424316,0.35276174545288086
BACKEND_NULL,CHKSUM_MD5,0.46084117889404297,0.33855748176574707
BACKEND_NULL,CHKSUM_MD5,0.4357481002807617,0.3010106086730957
BACKEND_NULL,CHKSUM_MD5,0.4466896057128906,0.2982351779937744
BACKEND_NULL,CHKSUM_MD5,0.3936746120452881,0.3016781806945801
BACKEND_NULL,CHKSUM_MD5,0.4065380096435547,0.2904839515686035
BACKEND_NULL,CHKSUM_MD5,0.439239501953125,0.3151438236236572
BACKEND_NULL,CHKSUM_MD5,0.40401577949523926,0.3051433563232422
BACKEND_NULL,CHKSUM_MD5,0.44463491439819336,0.297374963760376
BACKEND_NULL,CHKSUM_MD5,0.4159512519836426,0.2891998291015625
BACKEND_NULL,CHKSUM_MD5,0.4163944721221924,0.3053126335144043
BACKEND_NULL,CHKSUM_MD5,0.4701957702636719,0.36955714225769043
BACKEND_NULL,CHKSUM_MD5,0.4792768955230713,0.31726622581481934
BACKEND_NULL,CHKSUM_MD5,0.46388959884643555,0.3179144859313965
BACKEND_NULL,CHKSUM_MD5,0.40014147758483887,0.302478551864624
BACKEND_NULL,CHKSUM_MD5,0.4336721897125244,0.26710987091064453
BACKEND_NULL,CHKSUM_MD5,0.44259023666381836,0.30294203758239746
BACKEND_NULL,CHKSUM_MD5,0.43638157844543457,0.2859659194946289
BACKEND_NULL,CHKSUM_MD5,0.43872737884521484,0.30667591094970703
BACKEND_NULL,CHKSUM_MD5,0.42475438117980957,0.29607057571411133
BACKEND_NULL,CHKSUM_MD5,0.41875243186950684,0.2905232906341553
BACKEND_NULL,CHKSUM_MD5,0.41152048110961914,0.3106544017791748
BACKEND_NULL,CHKSUM_MD5,0.41599225997924805,0.2916572093963623
BACKEND_NULL,CHKSUM_MD5,0.4781191349029541,0.3722083568572998
BACKEND_NULL,CHKSUM_MD5,0.4603908061981201,0.36835241317749023
JERASURE_RS_VAND,CHKSUM_NONE,0.37410402297973633,0.3207278251647949
JERASURE_RS_VAND,CHKSUM_NONE,0.43619799613952637,0.3056676387786865
JERASURE_RS_VAND,CHKSUM_NONE,0.43438029289245605,0.3159470558166504
JERASURE_RS_VAND,CHKSUM_NONE,0.453200101852417,0.32152605056762695
JERASURE_RS_VAND,CHKSUM_NONE,0.4588627815246582,0.3211028575897217
JERASURE_RS_VAND,CHKSUM_NONE,0.4872753620147705,0.30376267433166504
JERASURE_RS_VAND,CHKSUM_NONE,0.441617488861084,0.34378647804260254
JERASURE_RS_VAND,CHKSUM_NONE,0.43486452102661133,0.31879377365112305
JERASURE_RS_VAND,CHKSUM_NONE,0.43769264221191406,0.33492326736450195
JERASURE_RS_VAND,CHKSUM_NONE,0.43901824951171875,0.3087961673736572
JERASURE_RS_VAND,CHKSUM_NONE,0.4226710796356201,0.32204627990722656
JERASURE_RS_VAND,CHKSUM_NONE,0.4847679138183594,0.3281252384185791
JERASURE_RS_VAND,CHKSUM_NONE,0.4325423240661621,0.32079577445983887
JERASURE_RS_VAND,CHKSUM_NONE,0.41104578971862793,0.29156494140625
JERASURE_RS_VAND,CHKSUM_NONE,0.4482278823852539,0.34038591384887695
JERASURE_RS_VAND,CHKSUM_NONE,0.4105701446533203,0.3116164207458496
JERASURE_RS_VAND,CHKSUM_NONE,0.4773867130279541,0.3385658264160156
JERASURE_RS_VAND,CHKSUM_NONE,0.5229175090789795,0.37608909606933594
JERASURE_RS_VAND,CHKSUM_NONE,0.4193456172943115,0.3274805545806885
JERASURE_RS_VAND,CHKSUM_NONE,0.3900880813598633,0.30778050422668457
JERASURE_RS_VAND,CHKSUM_NONE,0.4218723773956299,0.29912638664245605
JERASURE_RS_VAND,CHKSUM_NONE,0.4364337921142578,0.32675790786743164
JERASURE_RS_VAND,CHKSUM_NONE,0.4324955940246582,0.2761571407318115
JERASURE_RS_VAND,CHKSUM_NONE,0.420360803604126,0.3362398147583008
JERASURE_RS_VAND,CHKSUM_NONE,0.4760918617248535,0.33028697967529297
JERASURE_RS_VAND,CHKSUM_NONE,0.46083569526672363,0.34809160232543945
JERASURE_RS_VAND,CHKSUM_NONE,0.4236733913421631,0.38511037826538086
JERASURE_RS_VAND,CHKSUM_NONE,0.47846198081970215,0.3102686405181885
JERASURE_RS_VAND,CHKSUM_NONE,0.541642427444458,0.38963937759399414
JERASURE_RS_VAND,CHKSUM_NONE,0.498049259185791,0.38181447982788086
JERASURE_RS_VAND,CHKSUM_NONE,0.4448697566986084,0.3695645332336426
JERASURE_RS_VAND,CHKSUM_NONE,0.4712557792663574,0.35782814025878906
JERASURE_RS_VAND,CHKSUM_NONE,0.47414541244506836,0.32822251319885254
JERASURE_RS_VAND,CHKSUM_NONE,0.42767763137817383,0.3235957622528076
JERASURE_RS_VAND,CHKSUM_NONE,0.4655747413635254,0.33633947372436523
JERASURE_RS_VAND,CHKSUM_NONE,0.4729299545288086,0.34679102897644043
JERASURE_RS_VAND,CHKSUM_NONE,0.4686770439147949,0.3308727741241455
JERASURE_RS_VAND,CHKSUM_NONE,0.4941728115081787,0.3147401809692383
JERASURE_RS_VAND,CHKSUM_NONE,0.46857523918151855,0.3421604633331299
JERASURE_RS_VAND,CHKSUM_NONE,0.4525461196899414,0.40558743476867676
JERASURE_RS_VAND,CHKSUM_NONE,0.4607272148132324,0.3353867530822754
JERASURE_RS_VAND,CHKSUM_NONE,0.55234694480896,0.40006017684936523
JERASURE_RS_VAND,CHKSUM_NONE,0.5566413402557373,0.41203999519348145
JERASURE_RS_VAND,CHKSUM_NONE,0.552004337310791,0.41051506996154785
JERASURE_RS_VAND,CHKSUM_NONE,0.5283806324005127,0.3509221076965332
JERASURE_RS_VAND,CHKSUM_NONE,0.43500256538391113,0.3311288356781006
JERASURE_RS_VAND,CHKSUM_NONE,0.49456286430358887,0.3275473117828369
JERASURE_RS_VAND,CHKSUM_NONE,0.5302062034606934,0.37654614448547363
JERASURE_RS_VAND,CHKSUM_NONE,0.4483969211578369,0.3503732681274414
JERASURE_RS_VAND,CHKSUM_NONE,0.5025699138641357,0.3782229423522949
JERASURE_RS_VAND,CHKSUM_NONE,0.4817192554473877,0.3488936424255371
JERASURE_RS_VAND,CHKSUM_NONE,0.47902727127075195,0.32430338859558105
JERASURE_RS_VAND,CHKSUM_NONE,0.40323495864868164,0.4023871421813965
JERASURE_RS_VAND,CHKSUM_NONE,0.503596305847168,0.3275885581970215
JERASURE_RS_VAND,CHKSUM_NONE,0.4444894790649414,0.404069185256958
JERASURE_RS_VAND,CHKSUM_NONE,0.39576125144958496,0.30184102058410645
JERASURE_RS_VAND,CHKSUM_NONE,0.42443037033081055,0.3466923236846924
JERASURE_RS_VAND,CHKSUM_NONE,0.4300556182861328,0.30380988121032715
JERASURE_RS_VAND,CHKSUM_NONE,0.4323081970214844,0.31685733795166016
JERASURE_RS_VAND,CHKSUM_NONE,0.40134525299072266,0.2925384044647217
JERASURE_RS_VAND,CHKSUM_NONE,0.3930070400238037,0.3321976661682129
JERASURE_RS_VAND,CHKSUM_NONE,0.47089219093322754,0.39847493171691895
JERASURE_RS_VAND,CHKSUM_NONE,0.5245826244354248,0.3998146057128906
JERASURE_RS_VAND,CHKSUM_NONE,0.5006542205810547,0.3052248954772949
JERASURE_RS_VAND,CHKSUM_NONE,0.45596742630004883,0.32381105422973633
JERASURE_RS_VAND,CHKSUM_NONE,0.4251723289489746,0.3105592727661133
JERASURE_RS_VAND,CHKSUM_NONE,0.46758532524108887,0.3739902973175049
JERASURE_RS_VAND,CHKSUM_NONE,0.5057096481323242,0.3424553871154785
JERASURE_RS_VAND,CHKSUM_NONE,0.4764058589935303,0.3321058750152588
JERASURE_RS_VAND,CHKSUM_NONE,0.4168436527252197,0.3403909206390381
JERASURE_RS_VAND,CHKSUM_NONE,0.4620685577392578,0.317868709564209
JERASURE_RS_VAND,CHKSUM_NONE,0.5202414989471436,0.3550724983215332
JERASURE_RS_VAND,CHKSUM_NONE,0.5228588581085205,0.3772106170654297
JERASURE_RS_VAND,CHKSUM_NONE,0.48221755027770996,0.36709141731262207
JERASURE_RS_VAND,CHKSUM_NONE,0.48386168479919434,0.34331417083740234
JERASURE_RS_VAND,CHKSUM_NONE,0.46094417572021484,0.3122444152832031
JERASURE_RS_VAND,CHKSUM_NONE,0.46215367317199707,0.3572828769683838
JERASURE_RS_VAND,CHKSUM_NONE,0.4829437732696533,0.3215463161468506
JERASURE_RS_VAND,CHKSUM_NONE,0.4299144744873047,0.35092830657958984
JERASURE_RS_VAND,CHKSUM_NONE,0.397857666015625,0.34298276901245117
JERASURE_RS_VAND,CHKSUM_NONE,0.4384467601776123,0.31172800064086914
JERASURE_RS_VAND,CHKSUM_NONE,0.44155073165893555,0.3393726348876953
JERASURE_RS_VAND,CHKSUM_NONE,0.483684778213501,0.3631148338317871
JERASURE_RS_VAND,CHKSUM_NONE,0.4734182357788086,0.3245232105255127
JERASURE_RS_VAND,CHKSUM_NONE,0.4615035057067871,0.32120609283447266
JERASURE_RS_VAND,CHKSUM_NONE,0.43279170989990234,0.30039215087890625
JERASURE_RS_VAND,CHKSUM_NONE,0.4619591236114502,0.33625078201293945
JERASURE_RS_VAND,CHKSUM_NONE,0.4192228317260742,0.34728240966796875
JERASURE_RS_VAND,CHKSUM_NONE,0.49033093452453613,0.32624197006225586
JERASURE_RS_VAND,CHKSUM_NONE,0.5214612483978271,0.3459627628326416
JERASURE_RS_VAND,CHKSUM_NONE,0.5122592449188232,0.3705406188964844
JERASURE_RS_VAND,CHKSUM_NONE,0.4861185550689697,0.38205909729003906
JERASURE_RS_VAND,CHKSUM_NONE,0.4530010223388672,0.43523573875427246
JERASURE_RS_VAND,CHKSUM_NONE,0.4961824417114258,0.3205125331878662
JERASURE_RS_VAND,CHKSUM_NONE,0.44455504417419434,0.35807156562805176
JERASURE_RS_VAND,CHKSUM_NONE,0.461622953414917,0.33197855949401855
JERASURE_RS_VAND,CHKSUM_NONE,0.42934417724609375,0.33902859687805176
JERASURE_RS_VAND,CHKSUM_NONE,0.44394850730895996,0.3060157299041748
JERASURE_RS_VAND,CHKSUM_NONE,0.5097036361694336,0.3655738830566406
JERASURE_RS_VAND,CHKSUM_NONE,0.5029683113098145,0.3388493061065674
JERASURE_RS_VAND,CHKSUM_CRC32,0.42117929458618164,0.4202725887298584
JERASURE_RS_VAND,CHKSUM_CRC32,0.46030163764953613,0.35298919677734375
JERASURE_RS_VAND,CHKSUM_CRC32,0.4300990104675293,0.35272216796875
JERASURE_RS_VAND,CHKSUM_CRC32,0.4519686698913574,0.33542442321777344
JERASURE_RS_VAND,CHKSUM_CRC32,0.406935453414917,0.37505340576171875
JERASURE_RS_VAND,CHKSUM_CRC32,0.4552490711212158,0.34256863594055176
JERASURE_RS_VAND,CHKSUM_CRC32,0.4157707691192627,0.3179011344909668
JERASURE_RS_VAND,CHKSUM_CRC32,0.4222264289855957,0.30833983421325684
JERASURE_RS_VAND,CHKSUM_CRC32,0.4434385299682617,0.2841379642486572
JERASURE_RS_VAND,CHKSUM_CRC32,0.4149129390716553,0.3322427272796631
JERASURE_RS_VAND,CHKSUM_CRC32,0.4377322196960449,0.3788876533508301
JERASURE_RS_VAND,CHKSUM_CRC32,0.49050307273864746,0.34313178062438965
JERASURE_RS_VAND,CHKSUM_CRC32,0.4766221046447754,0.35199999809265137
JERASURE_RS_VAND,CHKSUM_CRC32,0.4852590560913086,0.34168434143066406
JERASURE_RS_VAND,CHKSUM_CRC32,0.4668259620666504,0.3088231086730957
JERASURE_RS_VAND,CHKSUM_CRC32,0.46988892555236816,0.29886627197265625
JERASURE_RS_VAND,CHKSUM_CRC32,0.44946861267089844,0.31349682807922363
JERASURE_RS_VAND,CHKSUM_CRC32,0.4375789165496826,0.289902925491333
JERASURE_RS_VAND,CHKSUM_CRC32,0.4305076599121094,0.31507349014282227
JERASURE_RS_VAND,CHKSUM_CRC32,0.4451937675476074,0.29824185371398926
JERASURE_RS_VAND,CHKSUM_CRC32,0.4993715286254883,0.32213521003723145
JERASURE_RS_VAND,CHKSUM_CRC32,0.4435398578643799,0.36826229095458984
JERASURE_RS_VAND,CHKSUM_CRC32,0.5002741813659668,0.3968780040740967
JERASURE_RS_VAND,CHKSUM_CRC32,0.5306761264801025,0.3506605625152588
JERASURE_RS_VAND,CHKSUM_CRC32,0.49344801902770996,0.305192232131958
JERASURE_RS_VAND,CHKSUM_CRC32,0.45995163917541504,0.30100250244140625
JERASURE_RS_VAND,CHKSUM_CRC32,0.49993038177490234,0.3398435115814209
JERASURE_RS_VAND,CHKSUM_CRC32,0.5613625049591064,0.32274413108825684
JERASURE_RS_VAND,CHKSUM_CRC32,0.482196569442749,0.3340628147125244
JERASURE_RS_VAND,CHKSUM_CRC32,0.46698904037475586,0.30939793586730957
JERASURE_RS_VAND,CHKSUM_CRC32,0.4470088481903076,0.2762608528137207
JERASURE_RS_VAND,CHKSUM_CRC32,0.5355548858642578,0.35312962532043457
JERASURE_RS_VAND,CHKSUM_CRC32,0.47986555099487305,0.35627245903015137
JERASURE_RS_VAND,CHKSUM_CRC32,0.5777037143707275,0.3510932922363281
JERASURE_RS_VAND,CHKSUM_CRC32,0.47348570823669434,0.3261227607727051
JERASURE_RS_VAND,CHKSUM_CRC32,0.4683356285095215,0.32135725021362305
JERASURE_RS_VAND,CHKSUM_CRC32,0.477078914642334,0.3612685203552246
JERASURE_RS_VAND,CHKSUM_CRC32,0.587080717086792,0.42768120765686035
JERASURE_RS_VAND,CHKSUM_CRC32,0.5321314334869385,0.40409302711486816
JERASURE_RS_VAND,CHKSUM_CRC32,0.49633073806762695,0.3720088005065918
JERASURE_RS_VAND,CHKSUM_CRC32,0.4776120185852051,0.34279870986938477
JERASURE_RS_VAND,CHKSUM_CRC32,0.4052891731262207,0.34328246116638184
JERASURE_RS_VAND,CHKSUM_CRC32,0.4625709056854248,0.3071925640106201
JERASURE_RS_VAND,CHKSUM_CRC32,0.47097206115722656,0.31020379066467285
JERASURE_RS_VAND,CHKSUM_CRC32,0.4443228244781494,0.31581640243530273
JERASURE_RS_VAND,CHKSUM_CRC32,0.43433570861816406,0.3251307010650635
JERASURE_RS_VAND,CHKSUM_CRC32,0.45655012130737305,0.3558785915374756
JERASURE_RS_VAND,CHKSUM_CRC32,0.4468498229980469,0.32769179344177246
JERASURE_RS_VAND,CHKSUM_CRC32,0.5255851745605469,0.33101534843444824
JERASURE_RS_VAND,CHKSUM_CRC32,0.4648478031158447,0.3058176040649414
JERASURE_RS_VAND,CHKSUM_CRC32,0.43553781509399414,0.35215306282043457
JERASURE_RS_VAND,CHKSUM_CRC32,0.46012067794799805,0.3433535099029541
JERASURE_RS_VAND,CHKSUM_CRC32,0.46376943588256836,0.3290092945098877
JERASURE_RS_VAND,CHKSUM_CRC32,0.4795706272125244,0.34241819381713867
JERASURE_RS_VAND,CHKSUM_CRC32,0.4874582290649414,0.4019203186035156
JERASURE_RS_VAND,CHKSUM_CRC32,0.49852681159973145,0.3192138671875
JERASURE_RS_VAND,CHKSUM_CRC32,0.45008349418640137,0.33978843688964844
JERASURE_RS_VAND,CHKSUM_CRC32,0.47214674949645996,0.3214893341064453
JERASURE_RS_VAND,CHKSUM_CRC32,0.43639111518859863,0.3897387981414795
JERASURE_RS_VAND,CHKSUM_CRC32,0.48900604248046875,0.3555119037628174
JERASURE_RS_VAND,CHKSUM_CRC32,0.4735569953918457,0.3703784942626953
JERASURE_RS_VAND,CHKSUM_CRC32,0.451279878616333,0.2952702045440674
JERASURE_RS_VAND,CHKSUM_CRC32,0.46600914001464844,0.3837740421295166
JERASURE_RS_VAND,CHKSUM_CRC32,0.4774487018585205,0.32755422592163086
JERASURE_RS_VAND,CHKSUM_CRC32,0.4774758815765381,0.3456456661224365
JERASURE_RS_VAND,CHKSUM_CRC32,0.45477962493896484,0.4098494052886963
JERASURE_RS_VAND,CHKSUM_CRC32,0.4730708599090576,0.33406519889831543
JERASURE_RS_VAND,CHKSUM_CRC32,0.4485447406768799,0.34116148948669434
JERASURE_RS_VAND,CHKSUM_CRC32,0.4830174446105957,0.432131290435791
JERASURE_RS_VAND,CHKSUM_CRC32,0.4996631145477295,0.34198975563049316
JERASURE_RS_VAND,CHKSUM_CRC32,0.4606609344482422,0.35227179527282715
JERASURE_RS_VAND,CHKSUM_CRC32,0.4380459785461426,0.30219054222106934
JERASURE_RS_VAND,CHKSUM_CRC32,0.45539188385009766,0.3345370292663574
JERASURE_RS_VAND,CHKSUM_CRC32,0.4596116542816162,0.2941310405731201
JERASURE_RS_VAND,CHKSUM_CRC32,0.5131669044494629,0.33481836318969727
JERASURE_RS_VAND,CHKSUM_CRC32,0.41963839530944824,0.3366100788116455
JERASURE_RS_VAND,CHKSUM_CRC32,0.4933168888092041,0.3334228992462158
JERASURE_RS_VAND,CHKSUM_CRC32,0.4484691619873047,0.3453660011291504
JERASURE_RS_VAND,CHKSUM_CRC32,0.4326460361480713,0.3282346725463867
JERASURE_RS_VAND,CHKSUM_CRC32,0.46996068954467773,0.34273624420166016
JERASURE_RS_VAND,CHKSUM_CRC32,0.42850828170776367,0.3050351142883301
JERASURE_RS_VAND,CHKSUM_CRC32,0.4703648090362549,0.33673715591430664
JERASURE_RS_VAND,CHKSUM_CRC32,0.4621460437774658,0.3389456272125244
JERASURE_RS_VAND,CHKSUM_CRC32,0.4409139156341553,0.3321058750152588
JERASURE_RS_VAND,CHKSUM_CRC32,0.4890296459197998,0.31194472312927246
JERASURE_RS_VAND,CHKSUM_CRC32,0.44318461418151855,0.32480549812316895
JERASURE_RS_VAND,CHKSUM_CRC32,0.43114352226257324,0.32990050315856934
JERASURE_RS_VAND,CHKSUM_CRC32,0.46224164962768555,0.3211078643798828
JERASURE_RS_VAND,CHKSUM_CRC32,0.4430806636810303,0.335282564163208
JERASURE_RS_VAND,CHKSUM_CRC32,0.47002649307250977,0.34424757957458496
