backend,chksum,hide_time,retrieve_time
BACKEND_NULL,CHKSUM_NONE,0.4264345169067383,0.3015267848968506
BACKEND_NULL,CHKSUM_NONE,0.3460996150970459,0.3724536895751953
BACKEND_NULL,CHKSUM_NONE,0.32567834854125977,0.3858485221862793
BACKEND_NULL,CHKSUM_NONE,0.3680603504180908,0.3670680522918701
BACKEND_NULL,CHKSUM_NONE,0.4064178466796875,0.4193563461303711
BACKEND_NULL,CHKSUM_NONE,0.39534592628479004,0.34244298934936523
BACKEND_NULL,CHKSUM_NONE,0.378328800201416,0.380873441696167
BACKEND_NULL,CHKSUM_NONE,0.3303515911102295,0.3532733917236328
BACKEND_NULL,CHKSUM_NONE,0.3719663619995117,0.361194372177124
BACKEND_NULL,CHKSUM_NONE,0.3135712146759033,0.3152451515197754
BACKEND_NULL,CHKSUM_NONE,0.33764219284057617,0.30025792121887207
BACKEND_NULL,CHKSUM_NONE,0.35463738441467285,0.3569493293762207
BACKEND_NULL,CHKSUM_NONE,0.31605100631713867,0.39848852157592773
BACKEND_NULL,CHKSUM_NONE,0.3632822036743164,0.3688349723815918
BACKEND_NULL,CHKSUM_NONE,0.36302614212036133,0.3472309112548828
BACKEND_NULL,CHKSUM_NONE,0.344118595123291,0.3910102844238281
BACKEND_NULL,CHKSUM_NONE,0.3013913631439209,0.376056432723999
BACKEND_NULL,CHKSUM_NONE,0.3572428226470947,0.3701021671295166
BACKEND_NULL,CHKSUM_NONE,0.3243691921234131,0.2762913703918457
BACKEND_NULL,CHKSUM_NONE,0.35944414138793945,0.29974794387817383
BACKEND_NULL,CHKSUM_NONE,0.334913969039917,0.2969624996185303
BACKEND_NULL,CHKSUM_NONE,0.36402130126953125,0.3499760627746582
BACKEND_NULL,CHKSUM_NONE,0.33316898345947266,0.36338114738464355
BACKEND_NULL,CHKSUM_NONE,0.2915327548980713,0.2918543815612793
BACKEND_NULL,CHKSUM_NONE,0.3482997417449951,0.2668633460998535
BACKEND_NULL,CHKSUM_NONE,0.3029811382293701,0.3934950828552246
BACKEND_NULL,CHKSUM_NONE,0.34210801124572754,0.3206753730773926
BACKEND_NULL,CHKSUM_NONE,0.36616945266723633,0.37956714630126953
BACKEND_NULL,CHKSUM_NONE,0.34674501419067383,0.32541608810424805
BACKEND_NULL,CHKSUM_NONE,0.356306791305542,0.3341827392578125
BACKEND_NULL,CHKSUM_NONE,0.3727421760559082,0.3254811763763428
BACKEND_NULL,CHKSUM_NONE,0.3780217170715332,0.3900446891784668
BACKEND_NULL,CHKSUM_NONE,0.34459447860717773,0.350283145904541
BACKEND_NULL,CHKSUM_NONE,0.3162355422973633,0.40352511405944824
BACKEND_NULL,CHKSUM_NONE,0.3934352397918701,0.39238739013671875
BACKEND_NULL,CHKSUM_NONE,0.3518702983856201,0.3762795925140381
BACKEND_NULL,CHKSUM_NONE,0.3459794521331787,0.3323969841003418
BACKEND_NULL,CHKSUM_NONE,0.37758803367614746,0.2685353755950928
BACKEND_NULL,CHKSUM_NONE,0.32907676696777344,0.3892965316772461
BACKEND_NULL,CHKSUM_NONE,0.37053871154785156,0.4063253402709961
BACKEND_NULL,CHKSUM_NONE,0.4006621837615967,0.3566009998321533
BACKEND_NULL,CHKSUM_NONE,0.31000852584838867,0.3073899745941162
BACKEND_NULL,CHKSUM_NONE,0.3720104694366455,0.36031532287597656
BACKEND_NULL,CHKSUM_NONE,0.3861968517303467,0.27937769889831543
BACKEND_NULL,CHKSUM_NONE,0.34965991973876953,0.35905027389526367
BACKEND_NULL,CHKSUM_NONE,0.2961719036102295,0.3211178779602051
BACKEND_NULL,CHKSUM_NONE,0.3512287139892578,0.4342200756072998
BACKEND_NULL,CHKSUM_NONE,0.34793543815612793,0.34482645988464355
BACKEND_NULL,CHKSUM_NONE,0.4017472267150879,0.3365914821624756
BACKEND_NULL,CHKSUM_NONE,0.3048875331878662,0.38202834129333496
BACKEND_NULL,CHKSUM_CRC32,0.32387208938598633,0.3605079650878906
BACKEND_NULL,CHKSUM_CRC32,0.3490874767303467,0.2200009822845459
BACKEND_NULL,CHKSUM_CRC32,0.3214888572692871,0.3361928462982178
BACKEND_NULL,CHKSUM_CRC32,0.3359255790710449,0.4371223449707031
BACKEND_NULL,CHKSUM_CRC32,0.3515963554382324,0.41555309295654297
BACKEND_NULL,CHKSUM_CRC32,0.385714054107666,0.2398531436920166
BACKEND_NULL,CHKSUM_CRC32,0.29909563064575195,0.3141171932220459
BACKEND_NULL,CHKSUM_CRC32,0.3667912483215332,0.3449087142944336
BACKEND_NULL,CHKSUM_CRC32,0.3932228088378906,0.32727479934692383
BACKEND_NULL,CHKSUM_CRC32,0.37312746047973633,0.38321638107299805
BACKEND_NULL,CHKSUM_CRC32,0.3674633502960205,0.2459862232208252
BACKEND_NULL,CHKSUM_CRC32,0.3361544609069824,0.3668954372406006
BACKEND_NULL,CHKSUM_CRC32,0.33171844482421875,0.3637540340423584
BACKEND_NULL,CHKSUM_CRC32,0.3180556297302246,0.29796838760375977
BACKEND_NULL,CHKSUM_CRC32,0.36421751976013184,0.3802924156188965
BACKEND_NULL,CHKSUM_CRC32,0.3464930057525635,0.361236572265625
BACKEND_NULL,CHKSUM_CRC32,0.30269694328308105,0.34143710136413574
BACKEND_NULL,CHKSUM_CRC32,0.3656177520751953,0.33789968490600586
BACKEND_NULL,CHKSUM_CRC32,0.3844735622406006,0.3472921848297119
BACKEND_NULL,CHKSUM_CRC32,0.3281102180480957,0.3248565196990967
BACKEND_NULL,CHKSUM_CRC32,0.41049647331237793,0.37895917892456055
BACKEND_NULL,CHKSUM_CRC32,0.3364119529724121,0.32944655418395996
BACKEND_NULL,CHKSUM_CRC32,0.34222865104675293,0.2992403507232666
BACKEND_NULL,CHKSUM_CRC32,0.31659364700317383,0.3709428310394287
BACKEND_NULL,CHKSUM_CRC32,0.3099994659423828,0.3283555507659912
BACKEND_NULL,CHKSUM_CRC32,0.36351585388183594,0.37598657608032227
BACKEND_NULL,CHKSUM_CRC32,0.38275671005249023,0.3757343292236328
BACKEND_NULL,CHKSUM_CRC32,0.39046478271484375,0.40245699882507324
BACKEND_NULL,CHKSUM_CRC32,0.42783331871032715,0.3709604740142822
BACKEND_NULL,CHKSUM_CRC32,0.3996748924255371,0.4193398952484131
BACKEND_NULL,CHKSUM_CRC32,0.3239283561706543,0.3903801441192627
BACKEND_NULL,CHKSUM_CRC32,0.3862180709838867,0.4639296531677246
BACKEND_NULL,CHKSUM_CRC32,0.31235432624816895,0.425992488861084
BACKEND_NULL,CHKSUM_CRC32,0.4320497512817383,0.3633909225463867
BACKEND_NULL,CHKSUM_CRC32,0.4140317440032959,0.4000716209411621
BACKEND_NULL,CHKSUM_CRC32,0.4342477321624756,0.3939671516418457
BACKEND_NULL,CHKSUM_CRC32,0.3932480812072754,0.3852834701538086
BACKEND_NULL,CHKSUM_CRC32,0.43096280097961426,0.39246702194213867
BACKEND_NULL,CHKSUM_CRC32,0.39778923988342285,0.40924572944641113
BACKEND_NULL,CHKSUM_CRC32,0.41593003273010254,0.3709292411804199
BACKEND_NULL,CHKSUM_CRC32,0.4359729290008545,0.361619234085083
BACKEND_NULL,CHKSUM_CRC32,0.37085723876953125,0.2547144889831543
BACKEND_NULL,CHKSUM_CRC32,0.3341052532196045,0.40483832359313965
BACKEND_NULL,CHKSUM_CRC32,0.4085664749145508,0.4179680347442627
BACKEND_NULL,CHKSUM_CRC32,0.409498929977417,0.3677957057952881
BACKEND_NULL,CHKSUM_CRC32,0.4295656681060791,0.352855920791626
BACKEND_NULL,CHKSUM_CRC32,0.3422520160675049,0.31957340240478516
BACKEND_NULL,CHKSUM_CRC32,0.3736858367919922,0.3776895999908447
BACKEND_NULL,CHKSUM_CRC32,0.37256407737731934,0.2913014888763428
BACKEND_NULL,CHKSUM_CRC32,0.42141079902648926,0.2784268856048584
BACKEND_NULL,CHKSUM_MD5,0.4233224391937256,0.42494916915893555
BACKEND_NULL,CHKSUM_MD5,0.34999871253967285,0.416851282119751
BACKEND_NULL,CHKSUM_MD5,0.4334845542907715,0.4147377014160156
BACKEND_NULL,CHKSUM_MD5,0.3998281955718994,0.46478819847106934
BACKEND_NULL,CHKSUM_MD5,0.4010324478149414,0.38466835021972656
BACKEND_NULL,CHKSUM_MD5,0.4998514652252197,0.39653515815734863
BACKEND_NULL,CHKSUM_MD5,0.41602563858032227,0.3847470283508301
BACKEND_NULL,CHKSUM_MD5,0.39981675148010254,0.3976619243621826
BACKEND_NULL,CHKSUM_MD5,0.3666403293609619,0.4441261291503906
BACKEND_NULL,CHKSUM_MD5,0.4689154624938965,0.32227635383605957
BACKEND_NULL,CHKSUM_MD5,0.41208958625793457,0.38504576683044434
BACKEND_NULL,CHKSUM_MD5,0.3885080814361572,0.3635134696960449
BACKEND_NULL,CHKSUM_MD5,0.3008742332458496,0.3790616989135742
BACKEND_NULL,CHKSUM_MD5,0.34874534606933594,0.3988461494445801
BACKEND_NULL,CHKSUM_MD5,0.3680405616760254,0.3602757453918457
BACKEND_NULL,CHKSUM_MD5,0.30902910232543945,0.36560511589050293
BACKEND_NULL,CHKSUM_MD5,0.2846560478210449,0.34549427032470703
BACKEND_NULL,CHKSUM_MD5,0.35230159759521484,0.3815135955810547
BACKEND_NULL,CHKSUM_MD5,0.3525667190551758,0.32439613342285156
BACKEND_NULL,CHKSUM_MD5,0.36566734313964844,0.367647647857666
BACKEND_NULL,CHKSUM_MD5,0.3500702381134033,0.3812286853790283
BACKEND_NULL,CHKSUM_MD5,0.36651611328125,0.37368249893188477
BACKEND_NULL,CHKSUM_MD5,0.3049745559692383,0.37314820289611816
BACKEND_NULL,CHKSUM_MD5,0.34450364112854004,0.40572404861450195
BACKEND_NULL,CHKSUM_MD5,0.34331536293029785,0.3652505874633789
BACKEND_NULL,CHKSUM_MD5,0.33293604850769043,0.26732587814331055
BACKEND_NULL,CHKSUM_MD5,0.3276503086090088,0.3514719009399414
BACKEND_NULL,CHKSUM_MD5,0.3861827850341797,0.31198668479919434
BACKEND_NULL,CHKSUM_MD5,0.3651101589202881,0.32210302352905273
BACKEND_NULL,CHKSUM_MD5,0.36285996437072754,0.35745859146118164
BACKEND_NULL,CHKSUM_MD5,0.35703039169311523,0.3144211769104004
BACKEND_NULL,CHKSUM_MD5,0.35965585708618164,0.38213539123535156
BACKEND_NULL,CHKSUM_MD5,0.394545316696167,0.38780689239501953
BACKEND_NULL,CHKSUM_MD5,0.33603644371032715,0.39957594871520996
BACKEND_NULL,CHKSUM_MD5,0.3732492923736572,0.31960034370422363
BACKEND_NULL,CHKSUM_MD5,0.32747840881347656,0.32259535789489746
BACKEND_NULL,CHKSUM_MD5,0.34366679191589355,0.3952205181121826
BACKEND_NULL,CHKSUM_MD5,0.2805900573730469,0.35450029373168945
BACKEND_NULL,CHKSUM_MD5,0.3442850112915039,0.3763282299041748
BACKEND_NULL,CHKSUM_MD5,0.37358856201171875,0.37380075454711914
BACKEND_NULL,CHKSUM_MD5,0.35367894172668457,0.33034825325012207
BACKEND_NULL,CHKSUM_MD5,0.3364074230194092,0.3713874816894531
BACKEND_NULL,CHKSUM_MD5,0.33698582649230957,0.31044530868530273
BACKEND_NULL,CHKSUM_MD5,0.31903553009033203,0.37043285369873047
BACKEND_NULL,CHKSUM_MD5,0.36397314071655273,0.27689647674560547
BACKEND_NULL,CHKSUM_MD5,0.39383602142333984,0.3139314651489258
BACKEND_NULL,CHKSUM_MD5,0.383037805557251,0.3292124271392822
BACKEND_NULL,CHKSUM_MD5,0.3451817035675049,0.36618638038635254
BACKEND_NULL,CHKSUM_MD5,0.34079480171203613,0.35663723945617676
BACKEND_NULL,CHKSUM_MD5,0.27571749687194824,0.3003389835357666
JERASURE_RS_VAND,CHKSUM_NONE,0.3683011531829834,0.36037373542785645
JERASURE_RS_VAND,CHKSUM_NONE,0.3639028072357178,0.3624155521392822
JERASURE_RS_VAND,CHKSUM_NONE,0.3700826168060303,0.36826634407043457
JERASURE_RS_VAND,CHKSUM_NONE,0.33833932876586914,0.3138391971588135
JERASURE_RS_VAND,CHKSUM_NONE,0.36275243759155273,0.3473644256591797
JERASURE_RS_VAND,CHKSUM_NONE,0.39827585220336914,0.3753080368041992
JERASURE_RS_VAND,CHKSUM_NONE,0.367748498916626,0.3455941677093506
JERASURE_RS_VAND,CHKSUM_NONE,0.3491208553314209,0.3458824157714844
JERASURE_RS_VAND,CHKSUM_NONE,0.3242220878601074,0.2673799991607666
JERASURE_RS_VAND,CHKSUM_NONE,0.3550126552581787,0.3558084964752197
JERASURE_RS_VAND,CHKSUM_NONE,0.3653442859649658,0.39077258110046387
JERASURE_RS_VAND,CHKSUM_NONE,0.3407101631164551,0.2890663146972656
JERASURE_RS_VAND,CHKSUM_NONE,0.3548717498779297,0.32430529594421387
JERASURE_RS_VAND,CHKSUM_NONE,0.3805091381072998,0.3793177604675293
JERASURE_RS_VAND,CHKSUM_NONE,0.3759193420410156,0.283794641494751
JERASURE_RS_VAND,CHKSUM_NONE,0.3840155601501465,0.29256200790405273
JERASURE_RS_VAND,CHKSUM_NONE,0.3013191223144531,0.3842153549194336
JERASURE_RS_VAND,CHKSUM_NONE,0.36351871490478516,0.2926182746887207
JERASURE_RS_VAND,CHKSUM_NONE,0.36400866508483887,0.3781754970550537
JERASURE_RS_VAND,CHKSUM_NONE,0.31159496307373047,0.32407331466674805
JERASURE_RS_VAND,CHKSUM_NONE,0.27251553535461426,0.1973114013671875
JERASURE_RS_VAND,CHKSUM_NONE,0.39359235763549805,0.39675116539001465
JERASURE_RS_VAND,CHKSUM_NONE,0.32415246963500977,0.4098203182220459
JERASURE_RS_VAND,CHKSUM_NONE,0.34063720703125,0.38268399238586426
JERASURE_RS_VAND,CHKSUM_NONE,0.28165173530578613,0.3702523708343506
JERASURE_RS_VAND,CHKSUM_NONE,0.3137054443359375,0.34575653076171875
JERASURE_RS_VAND,CHKSUM_NONE,0.32173657417297363,0.3378317356109619
JERASURE_RS_VAND,CHKSUM_NONE,0.38295459747314453,0.34342122077941895
JERASURE_RS_VAND,CHKSUM_NONE,0.3092811107635498,0.3292579650878906
JERASURE_RS_VAND,CHKSUM_NONE,0.3720057010650635,0.2725484371185303
JERASURE_RS_VAND,CHKSUM_NONE,0.386791467666626,0.3866767883300781
JERASURE_RS_VAND,CHKSUM_NONE,0.3639857769012451,0.28203439712524414
JERASURE_RS_VAND,CHKSUM_NONE,0.36298704147338867,0.32233119010925293
JERASURE_RS_VAND,CHKSUM_NONE,0.3567373752593994,0.35406064987182617
JERASURE_RS_VAND,CHKSUM_NONE,0.38724541664123535,0.38962221145629883
JERASURE_RS_VAND,CHKSUM_NONE,0.37108659744262695,0.2907869815826416
JERASURE_RS_VAND,CHKSUM_NONE,0.3256995677947998,0.3143141269683838
JERASURE_RS_VAND,CHKSUM_NONE,0.39774250984191895,0.33983540534973145
JERASURE_RS_VAND,CHKSUM_NONE,0.37445831298828125,0.36640453338623047
JERASURE_RS_VAND,CHKSUM_NONE,0.3528475761413574,0.37146687507629395
JERASURE_RS_VAND,CHKSUM_NONE,0.3304412364959717,0.364703893661499
JERASURE_RS_VAND,CHKSUM_NONE,0.2493736743927002,0.3588073253631592
JERASURE_RS_VAND,CHKSUM_NONE,0.3842167854309082,0.35326361656188965
JERASURE_RS_VAND,CHKSUM_NONE,0.35942697525024414,0.3602633476257324
JERASURE_RS_VAND,CHKSUM_NONE,0.36701440811157227,0.37949538230895996
JERASURE_RS_VAND,CHKSUM_NONE,0.41239428520202637,0.3771533966064453
JERASURE_RS_VAND,CHKSUM_NONE,0.36484360694885254,0.28894543647766113
JERASURE_RS_VAND,CHKSUM_NONE,0.3459129333496094,0.2392590045928955
JERASURE_RS_VAND,CHKSUM_NONE,0.3778567314147949,0.2752201557159424
JERASURE_RS_VAND,CHKSUM_NONE,0.32307004928588867,0.3464949131011963
JERASURE_RS_VAND,CHKSUM_CRC32,0.31972169876098633,0.3324880599975586
JERASURE_RS_VAND,CHKSUM_CRC32,0.30348992347717285,0.3600435256958008
JERASURE_RS_VAND,CHKSUM_CRC32,0.3730604648590088,0.3148314952850342
JERASURE_RS_VAND,CHKSUM_CRC32,0.356522798538208,0.325899600982666
JERASURE_RS_VAND,CHKSUM_CRC32,0.3497769832611084,0.2585296630859375
JERASURE_RS_VAND,CHKSUM_CRC32,0.3040640354156494,0.3560149669647217
JERASURE_RS_VAND,CHKSUM_CRC32,0.3846306800842285,0.3296475410461426
JERASURE_RS_VAND,CHKSUM_CRC32,0.3392045497894287,0.2807440757751465
JERASURE_RS_VAND,CHKSUM_CRC32,0.3758234977722168,0.28386497497558594
JERASURE_RS_VAND,CHKSUM_CRC32,0.3183162212371826,0.3957343101501465
JERASURE_RS_VAND,CHKSUM_CRC32,0.37104058265686035,0.33144092559814453
JERASURE_RS_VAND,CHKSUM_CRC32,0.34105467796325684,0.3687567710876465
JERASURE_RS_VAND,CHKSUM_CRC32,0.3457632064819336,0.4178595542907715
JERASURE_RS_VAND,CHKSUM_CRC32,0.3121826648712158,0.36219096183776855
JERASURE_RS_VAND,CHKSUM_CRC32,0.3677833080291748,0.32816553115844727
JERASURE_RS_VAND,CHKSUM_CRC32,0.3585820198059082,0.35640645027160645
JERASURE_RS_VAND,CHKSUM_CRC32,0.3465001583099365,0.35359644889831543
JERASURE_RS_VAND,CHKSUM_CRC32,0.34507155418395996,0.38997793197631836
JERASURE_RS_VAND,CHKSUM_CRC32,0.37881922721862793,0.381178617477417
JERASURE_RS_VAND,CHKSUM_CRC32,0.4162423610687256,0.3988840579986572
JERASURE_RS_VAND,CHKSUM_CRC32,0.3354759216308594,0.3811070919036865
JERASURE_RS_VAND,CHKSUM_CRC32,0.39328742027282715,0.41147446632385254
JERASURE_RS_VAND,CHKSUM_CRC32,0.3057098388671875,0.28238511085510254
JERASURE_RS_VAND,CHKSUM_CRC32,0.36157798767089844,0.35651230812072754
JERASURE_RS_VAND,CHKSUM_CRC32,0.32445311546325684,0.2968573570251465
JERASURE_RS_VAND,CHKSUM_CRC32,0.33562612533569336,0.31548261642456055
JERASURE_RS_VAND,CHKSUM_CRC32,0.3540313243865967,0.32018470764160156
JERASURE_RS_VAND,CHKSUM_CRC32,0.34757494926452637,0.3415672779083252
JERASURE_RS_VAND,CHKSUM_CRC32,0.3747241497039795,0.37980103492736816
JERASURE_RS_VAND,CHKSUM_CRC32,0.3565800189971924,0.29851627349853516
JERASURE_RS_VAND,CHKSUM_CRC32,0.34777164459228516,0.2702915668487549
JERASURE_RS_VAND,CHKSUM_CRC32,0.22629380226135254,0.24281620979309082
JERASURE_RS_VAND,CHKSUM_CRC32,0.32243847846984863,0.2578003406524658
JERASURE_RS_VAND,CHKSUM_CRC32,0.382382869720459,0.379406213760376
JERASURE_RS_VAND,CHKSUM_CRC32,0.40479588508605957,0.34556102752685547
JERASURE_RS_VAND,CHKSUM_CRC32,0.31966066360473633,0.24227213859558105
JERASURE_RS_VAND,CHKSUM_CRC32,0.3771030902862549,0.309403657913208
JERASURE_RS_VAND,CHKSUM_CRC32,0.33712244033813477,0.22214484214782715
JERASURE_RS_VAND,CHKSUM_CRC32,0.3581504821777344,0.30922770500183105
JERASURE_RS_VAND,CHKSUM_CRC32,0.280195951461792,0.24151062965393066
JERASURE_RS_VAND,CHKSUM_CRC32,0.355405330657959,0.34679245948791504
JERASURE_RS_VAND,CHKSUM_CRC32,0.36054348945617676,0.3276641368865967
JERASURE_RS_VAND,CHKSUM_CRC32,0.35573291778564453,0.3019905090332031
JERASURE_RS_VAND,CHKSUM_CRC32,0.29200053215026855,0.3210718631744385
JERASURE_RS_VAND,CHKSUM_CRC32,0.3875467777252197,0.35576939582824707
JERASURE_RS_VAND,CHKSUM_CRC32,0.3586559295654297,0.3682126998901367
JERASURE_RS_VAND,CHKSUM_CRC32,0.36298203468322754,0.37451791763305664
JERASURE_RS_VAND,CHKSUM_CRC32,0.354215145111084,0.30061984062194824
JERASURE_RS_VAND,CHKSUM_CRC32,0.34481334686279297,0.3438527584075928
JERASURE_RS_VAND,CHKSUM_CRC32,0.28693175315856934,0.32610177993774414
JERASURE_RS_VAND,CHKSUM_MD5,0.3660449981689453,0.37118005752563477
JERASURE_RS_VAND,CHKSUM_MD5,0.35529541969299316,0.32558631896972656
JERASURE_RS_VAND,CHKSUM_MD5,0.38039565086364746,0.35762476921081543
JERASURE_RS_VAND,CHKSUM_MD5,0.39176487922668457,0.35229992866516113
JERASURE_RS_VAND,CHKSUM_MD5,0.3963770866394043,0.37363719940185547
JERASURE_RS_VAND,CHKSUM_MD5,0.3809938430786133,0.3746614456176758
JERASURE_RS_VAND,CHKSUM_MD5,0.34815073013305664,0.3352377414703369
JERASURE_RS_VAND,CHKSUM_MD5,0.3522613048553467,0.33134913444519043
JERASURE_RS_VAND,CHKSUM_MD5,0.38132286071777344,0.3768043518066406
JERASURE_RS_VAND,CHKSUM_MD5,0.3574073314666748,0.31380558013916016
JERASURE_RS_VAND,CHKSUM_MD5,0.36888790130615234,0.285921573638916
JERASURE_RS_VAND,CHKSUM_MD5,0.34143686294555664,0.3737635612487793
JERASURE_RS_VAND,CHKSUM_MD5,0.368114709854126,0.4500136375427246
JERASURE_RS_VAND,CHKSUM_MD5,0.35780811309814453,0.37235331535339355
JERASURE_RS_VAND,CHKSUM_MD5,0.3242464065551758,0.2956418991088867
JERASURE_RS_VAND,CHKSUM_MD5,0.39127302169799805,0.307110071182251
JERASURE_RS_VAND,CHKSUM_MD5,0.372178316116333,0.296705961227417
JERASURE_RS_VAND,CHKSUM_MD5,0.3765697479248047,0.3184347152709961
JERASURE_RS_VAND,CHKSUM_MD5,0.3523678779602051,0.356886625289917
JERASURE_RS_VAND,CHKSUM_MD5,0.3395695686340332,0.3328969478607178
JERASURE_RS_VAND,CHKSUM_MD5,0.3397033214569092,0.20816683769226074
JERASURE_RS_VAND,CHKSUM_MD5,0.3174445629119873,0.35830259323120117
JERASURE_RS_VAND,CHKSUM_MD5,0.33600401878356934,0.2729010581970215
JERASURE_RS_VAND,CHKSUM_MD5,0.355086088180542,0.3386402130126953
JERASURE_RS_VAND,CHKSUM_MD5,0.35508155822753906,0.22600698471069336
JERASURE_RS_VAND,CHKSUM_MD5,0.34655332565307617,0.2603025436401367
JERASURE_RS_VAND,CHKSUM_MD5,0.38523077964782715,0.3016927242279053
JERASURE_RS_VAND,CHKSUM_MD5,0.31676411628723145,0.3070218563079834
JERASURE_RS_VAND,CHKSUM_MD5,0.31189608573913574,0.3716704845428467
JERASURE_RS_VAND,CHKSUM_MD5,0.35484814643859863,0.3621175289154053
JERASURE_RS_VAND,CHKSUM_MD5,0.3679206371307373,0.3847827911376953
JERASURE_RS_VAND,CHKSUM_MD5,0.3658146858215332,0.37842583656311035
JERASURE_RS_VAND,CHKSUM_MD5,0.38733673095703125,0.41104674339294434
JERASURE_RS_VAND,CHKSUM_MD5,0.4075007438659668,0.38142871856689453
JERASURE_RS_VAND,CHKSUM_MD5,0.3341798782348633,0.3870513439178467
JERASURE_RS_VAND,CHKSUM_MD5,0.4146609306335449,0.37136244773864746
JERASURE_RS_VAND,CHKSUM_MD5,0.3617672920227051,0.4202113151550293
JERASURE_RS_VAND,CHKSUM_MD5,0.42078638076782227,0.341064453125
JERASURE_RS_VAND,CHKSUM_MD5,0.31439924240112305,0.3105199337005615
JERASURE_RS_VAND,CHKSUM_MD5,0.3726990222930908,0.2961599826812744
JERASURE_RS_VAND,CHKSUM_MD5,0.35597896575927734,0.2970418930053711
JERASURE_RS_VAND,CHKSUM_MD5,0.35152316093444824,0.4088001251220703
JERASURE_RS_VAND,CHKSUM_MD5,0.3803889751434326,0.3410348892211914
JERASURE_RS_VAND,CHKSUM_MD5,0.3570976257324219,0.31357884407043457
JERASURE_RS_VAND,CHKSUM_MD5,0.3693656921386719,0.4012265205383301
JERASURE_RS_VAND,CHKSUM_MD5,0.3892989158630371,0.26842212677001953
JERASURE_RS_VAND,CHKSUM_MD5,0.3489370346069336,0.31714487075805664
JERASURE_RS_VAND,CHKSUM_MD5,0.376293420791626,0.3472280502319336
JERASURE_RS_VAND,CHKSUM_MD5,0.33213210105895996,0.37520766258239746
JERASURE_RS_VAND,CHKSUM_MD5,0.3990819454193115,0.2971229553222656
JERASURE_RS_CAUCHY,CHKSUM_NONE,0.36315155029296875,0.43430161476135254
JERASURE_RS_CAUCHY,CHKSUM_NONE,0.37654876708984375,0.37528157234191895
JERASURE_RS_CAUCHY,CHKSUM_NONE,0.31294798851013184,0.36089324951171875
JERASURE_RS_CAUCHY,CHKSUM_NONE,0.24279117584228516,0.2031702995300293
JERASURE_RS_CAUCHY,CHKSUM_NONE,0.37915754318237305,0.32919764518737793
JERASURE_RS_CAUCHY,CHKSUM_NONE,0.3373115062713623,0.2574930191040039
JERASURE_RS_CAUCHY,CHKSUM_NONE,0.3421506881713867,0.3714132308959961
JERASURE_RS_CAUCHY,CHKSUM_NONE,0.3215014934539795,0.40157341957092285
JERASURE_RS_CAUCHY,CHKSUM_NONE,0.3617243766784668,0.322373628616333
JERASURE_RS_CAUCHY,CHKSUM_NONE,0.367431640625,0.33141541481018066
JERASURE_RS_CAUCHY,CHKSUM_NONE,0.3516099452972412,0.37413454055786133
JERASURE_RS_CAUCHY,CHKSUM_NONE,0.3451995849609375,0.38097715377807617
JERASURE_RS_CAUCHY,CHKSUM_NONE,0.3201789855957031,0.3072042465209961
JERASURE_RS_CAUCHY,CHKSUM_NONE,0.37245726585388184,0.2935616970062256
JERASURE_RS_CAUCHY,CHKSUM_NONE,0.33902692794799805,0.32535767555236816
JERASURE_RS_CAUCHY,CHKSUM_NONE,0.3598449230194092,0.382310152053833
JERASURE_RS_CAUCHY,CHKSUM_NONE,0.3530259132385254,0.3392317295074463
JERASURE_RS_CAUCHY,CHKSUM_NONE,0.37045860290527344,0.32903552055358887
JERASURE_RS_CAUCHY,CHKSUM_NONE,0.3003857135772705,0.24026203155517578
JERASURE_RS_CAUCHY,CHKSUM_NONE,0.3220362663269043,0.378950834274292
JERASURE_RS_CAUCHY,CHKSUM_NONE,0.34229445457458496,0.3940145969390869
JERASURE_RS_CAUCHY,CHKSUM_NONE,0.36342859268188477,0.3315458297729492
JERASURE_RS_CAUCHY,CHKSUM_NONE,0.4062662124633789,0.3578166961669922
JERASURE_RS_CAUCHY,CHKSUM_NONE,0.4119532108306885,0.32552385330200195
JERASURE_RS_CAUCHY,CHKSUM_NONE,0.3696882724761963,0.39098501205444336
JERASURE_RS_CAUCHY,CHKSUM_NONE,0.30808019638061523,0.3141145706176758
JERASURE_RS_CAUCHY,CHKSUM_NONE,0.35547661781311035,0.3609929084777832
JERASURE_RS_CAUCHY,CHKSUM_NONE,0.34029269218444824,0.364621639251709
JERASURE_RS_CAUCHY,CHKSUM_NONE,0.35210084915161133,0.4040093421936035
JERASURE_RS_CAUCHY,CHKSUM_NONE,0.3648560047149658,0.3383495807647705
JERASURE_RS_CAUCHY,CHKSUM_NONE,0.36447930335998535,0.3819100856781006
JERASURE_RS_CAUCHY,CHKSUM_NONE,0.346665620803833,0.3062014579772949
JERASURE_RS_CAUCHY,CHKSUM_NONE,0.38567662239074707,0.39519453048706055
JERASURE_RS_CAUCHY,CHKSUM_NONE,0.3767232894897461,0.2953345775604248
JERASURE_RS_CAUCHY,CHKSUM_NONE,0.35652828216552734,0.30258679389953613
JERASURE_RS_CAUCHY,CHKSUM_NONE,0.37282323837280273,0.27747535705566406
JERASURE_RS_CAUCHY,CHKSUM_NONE,0.3580808639526367,0.3989241123199463
JERASURE_RS_CAUCHY,CHKSUM_NONE,0.36513233184814453,0.3749368190765381
JERASURE_RS_CAUCHY,CHKSUM_NONE,0.3303966522216797,0.2990572452545166
JERASURE_RS_CAUCHY,CHKSUM_NONE,0.3742208480834961,0.38042545318603516
JERASURE_RS_CAUCHY,CHKSUM_NONE,0.3714723587036133,0.35259389877319336
JERASURE_RS_CAUCHY,CHKSUM_NONE,0.3472573757171631,0.3071441650390625
JERASURE_RS_CAUCHY,CHKSUM_NONE,0.34778785705566406,0.2587094306945801
JERASURE_RS_CAUCHY,CHKSUM_NONE,0.3802330493927002,0.26991844177246094
JERASURE_RS_CAUCHY,CHKSUM_NONE,0.3578932285308838,0.3318488597869873
JERASURE_RS_CAUCHY,CHKSUM_NONE,0.368912935256958,0.4099705219268799
JERASURE_RS_CAUCHY,CHKSUM_NONE,0.32293248176574707,0.29256725311279297
JERASURE_RS_CAUCHY,CHKSUM_NONE,0.34410929679870605,0.3485093116760254
JERASURE_RS_CAUCHY,CHKSUM_NONE,0.3468482494354248,0.29621338844299316
JERASURE_RS_CAUCHY,CHKSUM_NONE,0.36216235160827637,0.32366180419921875
JERASURE_RS_CAUCHY,CHKSUM_CRC32,0.3609781265258789,0.34906458854675293
JERASURE_RS_CAUCHY,CHKSUM_CRC32,0.39845776557922363,0.3594696521759033
JERASURE_RS_CAUCHY,CHKSUM_CRC32,0.37317967414855957,0.3689453601837158
JERASURE_RS_CAUCHY,CHKSUM_CRC32,0.33821892738342285,0.35016822814941406
JERASURE_RS_CAUCHY,CHKSUM_CRC32,0.38059258460998535,0.22157907485961914
JERASURE_RS_CAUCHY,CHKSUM_CRC32,0.3474550247192383,0.34516453742980957
JERASURE_RS_CAUCHY,CHKSUM_CRC32,0.3560941219329834,0.3138923645019531
JERASURE_RS_CAUCHY,CHKSUM_CRC32,0.36736130714416504,0.4140453338623047
JERASURE_RS_CAUCHY,CHKSUM_CRC32,0.35456418991088867,0.3418388366699219
JERASURE_RS_CAUCHY,CHKSUM_CRC32,0.3386509418487549,0.3528304100036621
JERASURE_RS_CAUCHY,CHKSUM_CRC32,0.3538501262664795,0.39224767684936523
JERASURE_RS_CAUCHY,CHKSUM_CRC32,0.29868173599243164,0.3711211681365967
JERASURE_RS_CAUCHY,CHKSUM_CRC32,0.34633541107177734,0.3907656669616699
JERASURE_RS_CAUCHY,CHKSUM_CRC32,0.37375783920288086,0.395143985748291
JERASURE_RS_CAUCHY,CHKSUM_CRC32,0.3302192687988281,0.4067537784576416
JERASURE_RS_CAUCHY,CHKSUM_CRC32,0.38671207427978516,0.24602222442626953
JERASURE_RS_CAUCHY,CHKSUM_CRC32,0.3558981418609619,0.35996580123901367
JERASURE_RS_CAUCHY,CHKSUM_CRC32,0.37486839294433594,0.3390681743621826
JERASURE_RS_CAUCHY,CHKSUM_CRC32,0.32154297828674316,0.3056972026824951
JERASURE_RS_CAUCHY,CHKSUM_CRC32,0.3498861789703369,0.3429098129272461
JERASURE_RS_CAUCHY,CHKSUM_CRC32,0.37713003158569336,0.38442277908325195
JERASURE_RS_CAUCHY,CHKSUM_CRC32,0.3346998691558838,0.3629300594329834
JERASURE_RS_CAUCHY,CHKSUM_CRC32,0.36591267585754395,0.39664316177368164
JERASURE_RS_CAUCHY,CHKSUM_CRC32,0.38930320739746094,0.3397693634033203
JERASURE_RS_CAUCHY,CHKSUM_CRC32,0.392425537109375,0.3510611057281494
JERASURE_RS_CAUCHY,CHKSUM_CRC32,0.38745665550231934,0.3719062805175781
JERASURE_RS_CAUCHY,CHKSUM_CRC32,0.4124288558959961,0.36884450912475586
JERASURE_RS_CAUCHY,CHKSUM_CRC32,0.3948478698730469,0.35077381134033203
JERASURE_RS_CAUCHY,CHKSUM_CRC32,0.35750341415405273,0.35073184967041016
JERASURE_RS_CAUCHY,CHKSUM_CRC32,0.36011266708374023,0.3604736328125
JERASURE_RS_CAUCHY,CHKSUM_CRC32,0.38004541397094727,0.36954617500305176
JERASURE_RS_CAUCHY,CHKSUM_CRC32,0.3661766052246094,0.39981937408447266
JERASURE_RS_CAUCHY,CHKSUM_CRC32,0.32656002044677734,0.20295953750610352
JERASURE_RS_CAUCHY,CHKSUM_CRC32,0.30830955505371094,0.341660737991333
JERASURE_RS_CAUCHY,CHKSUM_CRC32,0.4137685298919678,0.3616478443145752
JERASURE_RS_CAUCHY,CHKSUM_CRC32,0.3645973205566406,0.3493471145629883
JERASURE_RS_CAUCHY,CHKSUM_CRC32,0.30670905113220215,0.3723714351654053
JERASURE_RS_CAUCHY,CHKSUM_CRC32,0.37399721145629883,0.3526115417480469
JERASURE_RS_CAUCHY,CHKSUM_CRC32,0.3754870891571045,0.29143595695495605
JERASURE_RS_CAUCHY,CHKSUM_CRC32,0.35283851623535156,0.3989415168762207
JERASURE_RS_CAUCHY,CHKSUM_CRC32,0.3403503894805908,0.3753037452697754
JERASURE_RS_CAUCHY,CHKSUM_CRC32,0.29709744453430176,0.3157839775085449
JERASURE_RS_CAUCHY,CHKSUM_CRC32,0.33132338523864746,0.3309943675994873
JERASURE_RS_CAUCHY,CHKSUM_CRC32,0.3475024700164795,0.3467400074005127
JERASURE_RS_CAUCHY,CHKSUM_CRC32,0.3740818500518799,0.240509033203125
JERASURE_RS_CAUCHY,CHKSUM_CRC32,0.3405601978302002,0.3699517250061035
JERASURE_RS_CAUCHY,CHKSUM_CRC32,0.3479483127593994,0.3309614658355713
JERASURE_RS_CAUCHY,CHKSUM_CRC32,0.34458017349243164,0.3045980930328369
JERASURE_RS_CAUCHY,CHKSUM_CRC32,0.38829731941223145,0.3111388683319092
JERASURE_RS_CAUCHY,CHKSUM_CRC32,0.39015674591064453,0.3671255111694336
JERASURE_RS_CAUCHY,CHKSUM_MD5,0.34952664375305176,0.3425896167755127
JERASURE_RS_CAUCHY,CHKSUM_MD5,0.3048093318939209,0.36022305488586426
JERASURE_RS_CAUCHY,CHKSUM_MD5,0.37056422233581543,0.30180907249450684
JERASURE_RS_CAUCHY,CHKSUM_MD5,0.3729519844055176,0.4105985164642334
JERASURE_RS_CAUCHY,CHKSUM_MD5,0.3743741512298584,0.37909507751464844
JERASURE_RS_CAUCHY,CHKSUM_MD5,0.33940815925598145,0.3555030822753906
JERASURE_RS_CAUCHY,CHKSUM_MD5,0.37764930725097656,0.35606932640075684
JERASURE_RS_CAUCHY,CHKSUM_MD5,0.3155834674835205,0.36138081550598145
JERASURE_RS_CAUCHY,CHKSUM_MD5,0.3421642780303955,0.35675811767578125
JERASURE_RS_CAUCHY,CHKSUM_MD5,0.3174862861633301,0.38863492012023926
JERASURE_RS_CAUCHY,CHKSUM_MD5,0.29844069480895996,0.3685116767883301
JERASURE_RS_CAUCHY,CHKSUM_MD5,0.3568880558013916,0.31453895568847656
JERASURE_RS_CAUCHY,CHKSUM_MD5,0.32426905632019043,0.3390350341796875
JERASURE_RS_CAUCHY,CHKSUM_MD5,0.37308382987976074,0.36684584617614746
JERASURE_RS_CAUCHY,CHKSUM_MD5,0.3639068603515625,0.39006829261779785
JERASURE_RS_CAUCHY,CHKSUM_MD5,0.36800384521484375,0.34850454330444336
JERASURE_RS_CAUCHY,CHKSUM_MD5,0.30454540252685547,0.3364682197570801
JERASURE_RS_CAUCHY,CHKSUM_MD5,0.3394656181335449,0.41481494903564453
JERASURE_RS_CAUCHY,CHKSUM_MD5,0.3513314723968506,0.3588848114013672
JERASURE_RS_CAUCHY,CHKSUM_MD5,0.3553295135498047,0.4062650203704834
JERASURE_RS_CAUCHY,CHKSUM_MD5,0.38962388038635254,0.36058950424194336
JERASURE_RS_CAUCHY,CHKSUM_MD5,0.3679494857788086,0.35885095596313477
JERASURE_RS_CAUCHY,CHKSUM_MD5,0.35081958770751953,0.3588993549346924
JERASURE_RS_CAUCHY,CHKSUM_MD5,0.38606905937194824,0.4022200107574463
JERASURE_RS_CAUCHY,CHKSUM_MD5,0.35238146781921387,0.3965449333190918
JERASURE_RS_CAUCHY,CHKSUM_MD5,0.33992934226989746,0.33229827880859375
JERASURE_RS_CAUCHY,CHKSUM_MD5,0.338498592376709,0.3455688953399658
JERASURE_RS_CAUCHY,CHKSUM_MD5,0.3607351779937744,0.3590505123138428
JERASURE_RS_CAUCHY,CHKSUM_MD5,0.33777284622192383,0.3513507843017578
JERASURE_RS_CAUCHY,CHKSUM_MD5,0.38765811920166016,0.31105566024780273
JERASURE_RS_CAUCHY,CHKSUM_MD5,0.3788492679595947,0.3245408535003662
JERASURE_RS_CAUCHY,CHKSUM_MD5,0.3755016326904297,0.36298656463623047
JERASURE_RS_CAUCHY,CHKSUM_MD5,0.31051063537597656,0.36304378509521484
JERASURE_RS_CAUCHY,CHKSUM_MD5,0.3421347141265869,0.2410883903503418
JERASURE_RS_CAUCHY,CHKSUM_MD5,0.32304883003234863,0.346144437789917
JERASURE_RS_CAUCHY,CHKSUM_MD5,0.32076001167297363,0.33559751510620117
JERASURE_RS_CAUCHY,CHKSUM_MD5,0.4088461399078369,0.3910844326019287
JERASURE_RS_CAUCHY,CHKSUM_MD5,0.40439438819885254,0.3196244239807129
JERASURE_RS_CAUCHY,CHKSUM_MD5,0.3620314598083496,0.302213191986084
JERASURE_RS_CAUCHY,CHKSUM_MD5,0.3378794193267822,0.3905045986175537
JERASURE_RS_CAUCHY,CHKSUM_MD5,0.3414433002471924,0.30468130111694336
JERASURE_RS_CAUCHY,CHKSUM_MD5,0.3859586715698242,0.2587606906890869
JERASURE_RS_CAUCHY,CHKSUM_MD5,0.3115243911743164,0.42761850357055664
JERASURE_RS_CAUCHY,CHKSUM_MD5,0.39625120162963867,0.31885743141174316
JERASURE_RS_CAUCHY,CHKSUM_MD5,0.32698941230773926,0.36537766456604004
JERASURE_RS_CAUCHY,CHKSUM_MD5,0.39142465591430664,0.3610692024230957
JERASURE_RS_CAUCHY,CHKSUM_MD5,0.36149024963378906,0.3721647262573242
JERASURE_RS_CAUCHY,CHKSUM_MD5,0.3730301856994629,0.4088096618652344
JERASURE_RS_CAUCHY,CHKSUM_MD5,0.3289616107940674,0.36953043937683105
JERASURE_RS_CAUCHY,CHKSUM_MD5,0.2617635726928711,0.3155069351196289
LIBERASURECODE_RS_VAND,CHKSUM_NONE,0.33809852600097656,0.3428628444671631
LIBERASURECODE_RS_VAND,CHKSUM_NONE,0.32971692085266113,0.3039565086364746
LIBERASURECODE_RS_VAND,CHKSUM_NONE,0.36141085624694824,0.30822205543518066
LIBERASURECODE_RS_VAND,CHKSUM_NONE,0.3417692184448242,0.38005638122558594
LIBERASURECODE_RS_VAND,CHKSUM_NONE,0.3463449478149414,0.3711380958557129
LIBERASURECODE_RS_VAND,CHKSUM_NONE,0.34297800064086914,0.38567471504211426
LIBERASURECODE_RS_VAND,CHKSUM_NONE,0.3609273433685303,0.36171579360961914
LIBERASURECODE_RS_VAND,CHKSUM_NONE,0.3863515853881836,0.35198330879211426
LIBERASURECODE_RS_VAND,CHKSUM_NONE,0.34292054176330566,0.33510756492614746
LIBERASURECODE_RS_VAND,CHKSUM_NONE,0.35514330863952637,0.31735754013061523
LIBERASURECODE_RS_VAND,CHKSUM_NONE,0.3802647590637207,0.3038651943206787
LIBERASURECODE_RS_VAND,CHKSUM_NONE,0.37251710891723633,0.37501072883605957
LIBERASURECODE_RS_VAND,CHKSUM_NONE,0.35065650939941406,0.36409449577331543
LIBERASURECODE_RS_VAND,CHKSUM_NONE,0.3568124771118164,0.3348202705383301
LIBERASURECODE_RS_VAND,CHKSUM_NONE,0.3207590579986572,0.3685576915740967
LIBERASURECODE_RS_VAND,CHKSUM_NONE,0.35443878173828125,0.23546147346496582
LIBERASURECODE_RS_VAND,CHKSUM_NONE,0.3197774887084961,0.3636794090270996
LIBERASURECODE_RS_VAND,CHKSUM_NONE,0.34750938415527344,0.32138919830322266
LIBERASURECODE_RS_VAND,CHKSUM_NONE,0.4240427017211914,0.3450493812561035
LIBERASURECODE_RS_VAND,CHKSUM_NONE,0.35094141960144043,0.26088905334472656
LIBERASURECODE_RS_VAND,CHKSUM_NONE,0.3524966239929199,0.26697659492492676
LIBERASURECODE_RS_VAND,CHKSUM_NONE,0.37405920028686523,0.3660275936126709
LIBERASURECODE_RS_VAND,CHKSUM_NONE,0.36176037788391113,0.36748600006103516
LIBERASURECODE_RS_VAND,CHKSUM_NONE,0.3662755489349365,0.39319825172424316
LIBERASURECODE_RS_VAND,CHKSUM_NONE,0.34008264541625977,0.4049670696258545
LIBERASURECODE_RS_VAND,CHKSUM_NONE,0.35259032249450684,0.2689836025238037
LIBERASURECODE_RS_VAND,CHKSUM_NONE,0.3029460906982422,0.3143312931060791
LIBERASURECODE_RS_VAND,CHKSUM_NONE,0.32709646224975586,0.3444645404815674
LIBERASURECODE_RS_VAND,CHKSUM_NONE,0.32555484771728516,0.33394622802734375
LIBERASURECODE_RS_VAND,CHKSUM_NONE,0.3653860092163086,0.29956531524658203
LIBERASURECODE_RS_VAND,CHKSUM_NONE,0.35004615783691406,0.23052573204040527
LIBERASURECODE_RS_VAND,CHKSUM_NONE,0.34666943550109863,0.3845028877258301
LIBERASURECODE_RS_VAND,CHKSUM_NONE,0.3623628616333008,0.3661203384399414
LIBERASURECODE_RS_VAND,CHKSUM_NONE,0.3215198516845703,0.2857630252838135
LIBERASURECODE_RS_VAND,CHKSUM_NONE,0.3020925521850586,0.24846243858337402
LIBERASURECODE_RS_VAND,CHKSUM_NONE,0.3884012699127197,0.3306117057800293
LIBERASURECODE_RS_VAND,CHKSUM_NONE,0.3650388717651367,0.38614416122436523
LIBERASURECODE_RS_VAND,CHKSUM_NONE,0.3822038173675537,0.3000214099884033
LIBERASURECODE_RS_VAND,CHKSUM_NONE,0.35026121139526367,0.33027124404907227
LIBERASURECODE_RS_VAND,CHKSUM_NONE,0.33919262886047363,0.393369197845459
LIBERASURECODE_RS_VAND,CHKSUM_NONE,0.3291189670562744,0.3565185070037842
LIBERASURECODE_RS_VAND,CHKSUM_NONE,0.3266420364379883,0.28826332092285156
LIBERASURECODE_RS_VAND,CHKSUM_NONE,0.34621477127075195,0.36184239387512207
LIBERASURECODE_RS_VAND,CHKSUM_NONE,0.3402271270751953,0.3389277458190918
LIBERASURECODE_RS_VAND,CHKSUM_NONE,0.32288336753845215,0.23341608047485352
LIBERASURECODE_RS_VAND,CHKSUM_NONE,0.34895753860473633,0.25899600982666016
LIBERASURECODE_RS_VAND,CHKSUM_NONE,0.2689347267150879,0.3239164352416992
LIBERASURECODE_RS_VAND,CHKSUM_NONE,0.3352382183074951,0.3651888370513916
LIBERASURECODE_RS_VAND,CHKSUM_NONE,0.3636436462402344,0.29969239234924316
LIBERASURECODE_RS_VAND,CHKSUM_NONE,0.3592040538787842,0.3775660991668701
LIBERASURECODE_RS_VAND,CHKSUM_CRC32,0.3479599952697754,0.39171338081359863
LIBERASURECODE_RS_VAND,CHKSUM_CRC32,0.3391876220703125,0.3298063278198242
LIBERASURECODE_RS_VAND,CHKSUM_CRC32,0.2798166275024414,0.21528005599975586
LIBERASURECODE_RS_VAND,CHKSUM_CRC32,0.36885976791381836,0.308521032333374
LIBERASURECODE_RS_VAND,CHKSUM_CRC32,0.3541715145111084,0.27961158752441406
LIBERASURECODE_RS_VAND,CHKSUM_CRC32,0.32413268089294434,0.3385484218597412
LIBERASURECODE_RS_VAND,CHKSUM_CRC32,0.3307631015777588,0.3515293598175049
LIBERASURECODE_RS_VAND,CHKSUM_CRC32,0.3580920696258545,0.34111547470092773
LIBERASURECODE_RS_VAND,CHKSUM_CRC32,0.35064172744750977,0.39902472496032715
LIBERASURECODE_RS_VAND,CHKSUM_CRC32,0.3184216022491455,0.368880033493042
LIBERASURECODE_RS_VAND,CHKSUM_CRC32,0.3505887985229492,0.34673047065734863
LIBERASURECODE_RS_VAND,CHKSUM_CRC32,0.3518552780151367,0.28933215141296387
LIBERASURECODE_RS_VAND,CHKSUM_CRC32,0.33322811126708984,0.38073110580444336
LIBERASURECODE_RS_VAND,CHKSUM_CRC32,0.3382143974304199,0.35477495193481445
LIBERASURECODE_RS_VAND,CHKSUM_CRC32,0.35909223556518555,0.33353567123413086
LIBERASURECODE_RS_VAND,CHKSUM_CRC32,0.3702998161315918,0.3104426860809326
LIBERASURECODE_RS_VAND,CHKSUM_CRC32,0.36788463592529297,0.3038020133972168
LIBERASURECODE_RS_VAND,CHKSUM_CRC32,0.35147833824157715,0.3844630718231201
LIBERASURECODE_RS_VAND,CHKSUM_CRC32,0.35163402557373047,0.21439361572265625
LIBERASURECODE_RS_VAND,CHKSUM_CRC32,0.2708394527435303,0.3186478614807129
LIBERASURECODE_RS_VAND,CHKSUM_CRC32,0.3919558525085449,0.381803035736084
LIBERASURECODE_RS_VAND,CHKSUM_CRC32,0.3540365695953369,0.3361537456512451
LIBERASURECODE_RS_VAND,CHKSUM_CRC32,0.3576650619506836,0.2154245376586914
LIBERASURECODE_RS_VAND,CHKSUM_CRC32,0.325056791305542,0.2774631977081299
LIBERASURECODE_RS_VAND,CHKSUM_CRC32,0.3095126152038574,0.3465747833251953
LIBERASURECODE_RS_VAND,CHKSUM_CRC32,0.3403289318084717,0.350055456161499
LIBERASURECODE_RS_VAND,CHKSUM_CRC32,0.36878395080566406,0.342449426651001
LIBERASURECODE_RS_VAND,CHKSUM_CRC32,0.37012386322021484,0.34905147552490234
LIBERASURECODE_RS_VAND,CHKSUM_CRC32,0.36800408363342285,0.3416321277618408
LIBERASURECODE_RS_VAND,CHKSUM_CRC32,0.35051918029785156,0.3856666088104248
LIBERASURECODE_RS_VAND,CHKSUM_CRC32,0.3750627040863037,0.24927592277526855
LIBERASURECODE_RS_VAND,CHKSUM_CRC32,0.4018702507019043,0.31943726539611816
LIBERASURECODE_RS_VAND,CHKSUM_CRC32,0.3249073028564453,0.3389873504638672
LIBERASURECODE_RS_VAND,CHKSUM_CRC32,0.33155250549316406,0.3781294822692871
LIBERASURECODE_RS_VAND,CHKSUM_CRC32,0.35463452339172363,0.3408060073852539
LIBERASURECODE_RS_VAND,CHKSUM_CRC32,0.34567689895629883,0.3078780174255371
LIBERASURECODE_RS_VAND,CHKSUM_CRC32,0.3603971004486084,0.33840250968933105
LIBERASURECODE_RS_VAND,CHKSUM_CRC32,0.3767237663269043,0.3424489498138428
LIBERASURECODE_RS_VAND,CHKSUM_CRC32,0.34024977684020996,0.28176045417785645
LIBERASURECODE_RS_VAND,CHKSUM_CRC32,0.34879589080810547,0.38116884231567383
LIBERASURECODE_RS_VAND,CHKSUM_CRC32,0.345048189163208,0.30191564559936523
LIBERASURECODE_RS_VAND,CHKSUM_CRC32,0.3260045051574707,0.3633906841278076
LIBERASURECODE_RS_VAND,CHKSUM_CRC32,0.37177515029907227,0.35076427459716797
LIBERASURECODE_RS_VAND,CHKSUM_CRC32,0.33020639419555664,0.3403902053833008
LIBERASURECODE_RS_VAND,CHKSUM_CRC32,0.3446328639984131,0.3480989933013916
LIBERASURECODE_RS_VAND,CHKSUM_CRC32,0.35756444931030273,0.3736860752105713
LIBERASURECODE_RS_VAND,CHKSUM_CRC32,0.32248497009277344,0.3182647228240967
LIBERASURECODE_RS_VAND,CHKSUM_CRC32,0.405379056930542,0.28047823905944824
LIBERASURECODE_RS_VAND,CHKSUM_CRC32,0.27632737159729004,0.36136651039123535
LIBERASURECODE_RS_VAND,CHKSUM_CRC32,0.3722057342529297,0.3058152198791504
LIBERASURECODE_RS_VAND,CHKSUM_MD5,0.34413599967956543,0.30202341079711914
LIBERASURECODE_RS_VAND,CHKSUM_MD5,0.3797118663787842,0.40378761291503906
LIBERASURECODE_RS_VAND,CHKSUM_MD5,0.39023780822753906,0.226668119430542
LIBERASURECODE_RS_VAND,CHKSUM_MD5,0.4114694595336914,0.33535313606262207
LIBERASURECODE_RS_VAND,CHKSUM_MD5,0.3672924041748047,0.3696596622467041
LIBERASURECODE_RS_VAND,CHKSUM_MD5,0.405181884765625,0.31433963775634766
LIBERASURECODE_RS_VAND,CHKSUM_MD5,0.3573603630065918,0.3564260005950928
LIBERASURECODE_RS_VAND,CHKSUM_MD5,0.2961761951446533,0.375591516494751
LIBERASURECODE_RS_VAND,CHKSUM_MD5,0.33127713203430176,0.3954005241394043
LIBERASURECODE_RS_VAND,CHKSUM_MD5,0.2887897491455078,0.3761250972747803
LIBERASURECODE_RS_VAND,CHKSUM_MD5,0.35254859924316406,0.36560630798339844
LIBERASURECODE_RS_VAND,CHKSUM_MD5,0.3506474494934082,0.2798612117767334
LIBERASURECODE_RS_VAND,CHKSUM_MD5,0.3227119445800781,0.3561580181121826
LIBERASURECODE_RS_VAND,CHKSUM_MD5,0.3797013759613037,0.3351280689239502
LIBERASURECODE_RS_VAND,CHKSUM_MD5,0.35894083976745605,0.3417189121246338
LIBERASURECODE_RS_VAND,CHKSUM_MD5,0.40319252014160156,0.3397533893585205
LIBERASURECODE_RS_VAND,CHKSUM_MD5,0.3048079013824463,0.30597710609436035
LIBERASURECODE_RS_VAND,CHKSUM_MD5,0.383450984954834,0.38111305236816406
LIBERASURECODE_RS_VAND,CHKSUM_MD5,0.3590104579925537,0.37427830696105957
LIBERASURECODE_RS_VAND,CHKSUM_MD5,0.34480738639831543,0.33349132537841797
LIBERASURECODE_RS_VAND,CHKSUM_MD5,0.3904252052307129,0.27126026153564453
LIBERASURECODE_RS_VAND,CHKSUM_MD5,0.37535738945007324,0.38390445709228516
LIBERASURECODE_RS_VAND,CHKSUM_MD5,0.36596202850341797,0.35422611236572266
LIBERASURECODE_RS_VAND,CHKSUM_MD5,0.33508777618408203,0.33458590507507324
LIBERASURECODE_RS_VAND,CHKSUM_MD5,0.34642624855041504,0.35399723052978516
LIBERASURECODE_RS_VAND,CHKSUM_MD5,0.30178022384643555,0.356844425201416
LIBERASURECODE_RS_VAND,CHKSUM_MD5,0.38762831687927246,0.35256338119506836
LIBERASURECODE_RS_VAND,CHKSUM_MD5,0.3828458786010742,0.32605957984924316
LIBERASURECODE_RS_VAND,CHKSUM_MD5,0.3556687831878662,0.28275537490844727
LIBERASURECODE_RS_VAND,CHKSUM_MD5,0.39371466636657715,0.33659815788269043
LIBERASURECODE_RS_VAND,CHKSUM_MD5,0.3855268955230713,0.39610719680786133
LIBERASURECODE_RS_VAND,CHKSUM_MD5,0.3838977813720703,0.33985376358032227
LIBERASURECODE_RS_VAND,CHKSUM_MD5,0.3882901668548584,0.3433699607849121
LIBERASURECODE_RS_VAND,CHKSUM_MD5,0.3518331050872803,0.347564697265625
LIBERASURECODE_RS_VAND,CHKSUM_MD5,0.3452177047729492,0.3275454044342041
LIBERASURECODE_RS_VAND,CHKSUM_MD5,0.3044264316558838,0.33789992332458496
LIBERASURECODE_RS_VAND,CHKSUM_MD5,0.36518287658691406,0.3616049289703369
LIBERASURECODE_RS_VAND,CHKSUM_MD5,0.3565242290496826,0.2915079593658447
LIBERASURECODE_RS_VAND,CHKSUM_MD5,0.36523962020874023,0.3328437805175781
LIBERASURECODE_RS_VAND,CHKSUM_MD5,0.4036257266998291,0.3325636386871338
LIBERASURECODE_RS_VAND,CHKSUM_MD5,0.31122303009033203,0.3764369487762451
LIBERASURECODE_RS_VAND,CHKSUM_MD5,0.3166482448577881,0.27529001235961914
LIBERASURECODE_RS_VAND,CHKSUM_MD5,0.3628365993499756,0.3690028190612793
LIBERASURECODE_RS_VAND,CHKSUM_MD5,0.3650357723236084,0.3840954303741455
LIBERASURECODE_RS_VAND,CHKSUM_MD5,0.3322465419769287,0.3244791030883789
LIBERASURECODE_RS_VAND,CHKSUM_MD5,0.38816165924072266,0.32497334480285645
LIBERASURECODE_RS_VAND,CHKSUM_MD5,0.38650989532470703,0.37583112716674805
LIBERASURECODE_RS_VAND,CHKSUM_MD5,0.3531365394592285,0.28673291206359863
LIBERASURECODE_RS_VAND,CHKSUM_MD5,0.32918667793273926,0.3721292018890381
LIBERASURECODE_RS_VAND,CHKSUM_MD5,0.3506147861480713,0.30452704429626465
