backend,chksum,hide_time,retrieve_time
BACKEND_NULL,CHKSUM_NONE,0.42858004570007324,0.3009521961212158
BACKEND_NULL,CHKSUM_NONE,0.4227778911590576,0.323486328125
BACKEND_NULL,CHKSUM_NONE,0.4057445526123047,0.323458194732666
BACKEND_NULL,CHKSUM_NONE,0.4697754383087158,0.41022753715515137
BACKEND_NULL,CHKSUM_NONE,0.5236320495605469,0.4158966541290283
BACKEND_NULL,CHKSUM_NONE,0.4710121154785156,0.3496575355529785
BACKEND_NULL,CHKSUM_NONE,0.429973840713501,0.3435070514678955
BACKEND_NULL,CHKSUM_NONE,0.5003581047058105,0.31708717346191406
BACKEND_NULL,CHKSUM_NONE,0.4189329147338867,0.3244893550872803
BACKEND_NULL,CHKSUM_NONE,0.3905365467071533,0.3185701370239258
BACKEND_NULL,CHKSUM_NONE,0.41396570205688477,0.30759453773498535
BACKEND_NULL,CHKSUM_NONE,0.45873045921325684,0.32803773880004883
BACKEND_NULL,CHKSUM_NONE,0.42290329933166504,0.31067991256713867
BACKEND_NULL,CHKSUM_NONE,0.42165613174438477,0.2858278751373291
BACKEND_NULL,CHKSUM_NONE,0.4579765796661377,0.3015129566192627
BACKEND_NULL,CHKSUM_NONE,0.40541815757751465,0.2811417579650879
BACKEND_NULL,CHKSUM_NONE,0.39818644523620605,0.30049800872802734
BACKEND_NULL,CHKSUM_NONE,0.4376673698425293,0.3119344711303711
BACKEND_NULL,CHKSUM_NONE,0.4113729000091553,0.27585458755493164
BACKEND_NULL,CHKSUM_NONE,0.3946409225463867,0.30370163917541504
BACKEND_NULL,CHKSUM_NONE,0.4044382572174072,0.29373788833618164
BACKEND_NULL,CHKSUM_NONE,0.47140049934387207,0.2903413772583008
BACKEND_NULL,CHKSUM_NONE,0.4153931140899658,0.28359365463256836
BACKEND_NULL,CHKSUM_NONE,0.4110593795776367,0.3097519874572754
BACKEND_NULL,CHKSUM_NONE,0.4029407501220703,0.30881237983703613
BACKEND_NULL,CHKSUM_NONE,0.4137837886810303,0.3197915554046631
BACKEND_NULL,CHKSUM_NONE,0.5940587520599365,0.39467430114746094
BACKEND_NULL,CHKSUM_NONE,0.45698118209838867,0.4063436985015869
BACKEND_NULL,CHKSUM_NONE,0.5803682804107666,0.38243818283081055
BACKEND_NULL,CHKSUM_NONE,0.4322638511657715,0.31328272819519043
BACKEND_NULL,CHKSUM_NONE,0.4652683734893799,0.329301118850708
BACKEND_NULL,CHKSUM_NONE,0.42473888397216797,0.3072013854980469
BACKEND_NULL,CHKSUM_NONE,0.45097875595092773,0.3595278263092041
BACKEND_NULL,CHKSUM_NONE,0.4797983169555664,0.30103373527526855
BACKEND_NULL,CHKSUM_NONE,0.506725549697876,0.37732529640197754
BACKEND_NULL,CHKSUM_NONE,0.4214653968811035,0.29949164390563965
BACKEND_NULL,CHKSUM_NONE,0.44882655143737793,0.3690032958984375
BACKEND_NULL,CHKSUM_NONE,0.4701070785522461,0.3818380832672119
BACKEND_NULL,CHKSUM_NONE,0.47571706771850586,0.36241722106933594
BACKEND_NULL,CHKSUM_NONE,0.44386935234069824,0.32090115547180176
BACKEND_NULL,CHKSUM_NONE,0.4976375102996826,0.36108827590942383
BACKEND_NULL,CHKSUM_NONE,0.4387829303741455,0.36072444915771484
BACKEND_NULL,CHKSUM_NONE,0.487562894821167,0.3017759323120117
BACKEND_NULL,CHKSUM_NONE,0.5387072563171387,0.34038782119750977
BACKEND_NULL,CHKSUM_NONE,0.4497196674346924,0.3225440979003906
BACKEND_NULL,CHKSUM_NONE,0.4485459327697754,0.32343482971191406
BACKEND_NULL,CHKSUM_NONE,0.4496476650238037,0.3057425022125244
BACKEND_NULL,CHKSUM_NONE,0.4534890651702881,0.27453160285949707
BACKEND_NULL,CHKSUM_NONE,0.4293038845062256,0.29584431648254395
BACKEND_NULL,CHKSUM_NONE,0.46195101737976074,0.3496572971343994
BACKEND_NULL,CHKSUM_NONE,0.4397299289703369,0.30910158157348633
BACKEND_NULL,CHKSUM_NONE,0.501882791519165,0.29481077194213867
BACKEND_NULL,CHKSUM_NONE,0.41468310356140137,0.3491952419281006
BACKEND_NULL,CHKSUM_NONE,0.4167060852050781,0.3411698341369629
BACKEND_NULL,CHKSUM_NONE,0.42580723762512207,0.372495174407959
BACKEND_NULL,CHKSUM_NONE,0.45178937911987305,0.30515575408935547
BACKEND_NULL,CHKSUM_NONE,0.3918290138244629,0.29335904121398926
BACKEND_NULL,CHKSUM_NONE,0.40514707565307617,0.3137979507446289
BACKEND_NULL,CHKSUM_NONE,0.44222307205200195,0.33339452743530273
BACKEND_NULL,CHKSUM_NONE,0.44754791259765625,0.35002756118774414
BACKEND_NULL,CHKSUM_NONE,0.46381545066833496,0.301785945892334
BACKEND_NULL,CHKSUM_NONE,0.36764097213745117,0.2701089382171631
BACKEND_NULL,CHKSUM_NONE,0.40578556060791016,0.33479833602905273
BACKEND_NULL,CHKSUM_NONE,0.4419670104980469,0.2789306640625
BACKEND_NULL,CHKSUM_NONE,0.3955509662628174,0.2944769859313965
BACKEND_NULL,CHKSUM_NONE,0.4201812744140625,0.3203246593475342
BACKEND_NULL,CHKSUM_NONE,0.40952563285827637,0.32906222343444824
BACKEND_NULL,CHKSUM_NONE,0.4488358497619629,0.3152611255645752
BACKEND_NULL,CHKSUM_NONE,0.43540191650390625,0.29796457290649414
BACKEND_NULL,CHKSUM_NONE,0.43877553939819336,0.3405897617340088
BACKEND_NULL,CHKSUM_NONE,0.4702916145324707,0.3160591125488281
BACKEND_NULL,CHKSUM_NONE,0.38840556144714355,0.31033992767333984
BACKEND_NULL,CHKSUM_NONE,0.39765024185180664,0.31473445892333984
BACKEND_NULL,CHKSUM_NONE,0.4467904567718506,0.3701503276824951
BACKEND_NULL,CHKSUM_NONE,0.4785306453704834,0.32761454582214355
BACKEND_NULL,CHKSUM_NONE,0.4320075511932373,0.2969508171081543
BACKEND_NULL,CHKSUM_NONE,0.46696043014526367,0.31001877784729004
BACKEND_NULL,CHKSUM_NONE,0.3927936553955078,0.3332252502441406
BACKEND_NULL,CHKSUM_NONE,0.4685800075531006,0.34459996223449707
BACKEND_NULL,CHKSUM_NONE,0.530480146408081,0.35860180854797363
BACKEND_NULL,CHKSUM_NONE,0.4438669681549072,0.3315703868865967
BACKEND_NULL,CHKSUM_NONE,0.4406261444091797,0.3203737735748291
BACKEND_NULL,CHKSUM_NONE,0.43735527992248535,0.34528255462646484
BACKEND_NULL,CHKSUM_NONE,0.47150158882141113,0.2901287078857422
BACKEND_NULL,CHKSUM_NONE,0.48343515396118164,0.3541908264160156
BACKEND_NULL,CHKSUM_NONE,0.49761176109313965,0.3528482913970947
BACKEND_NULL,CHKSUM_NONE,0.4101591110229492,0.376953125
BACKEND_NULL,CHKSUM_NONE,0.47256946563720703,0.3738515377044678
BACKEND_NULL,CHKSUM_NONE,0.47508907318115234,0.36490750312805176
BACKEND_NULL,CHKSUM_NONE,0.4656956195831299,0.38118863105773926
BACKEND_NULL,CHKSUM_NONE,0.5110101699829102,0.40319275856018066
BACKEND_NULL,CHKSUM_NONE,0.5033245086669922,0.3843512535095215
BACKEND_NULL,CHKSUM_NONE,0.5108764171600342,0.3481786251068115
BACKEND_NULL,CHKSUM_NONE,0.4366300106048584,0.35852837562561035
BACKEND_NULL,CHKSUM_NONE,0.44745683670043945,0.33259034156799316
BACKEND_NULL,CHKSUM_NONE,0.5087580680847168,0.34751439094543457
BACKEND_NULL,CHKSUM_NONE,0.49214601516723633,0.34177350997924805
BACKEND_NULL,CHKSUM_NONE,0.45917773246765137,0.35392332077026367
BACKEND_NULL,CHKSUM_NONE,0.4026477336883545,0.3029215335845947
BACKEND_NULL,CHKSUM_NONE,0.4260833263397217,0.3452756404876709
BACKEND_NULL,CHKSUM_CRC32,0.39989590644836426,0.32131075859069824
BACKEND_NULL,CHKSUM_CRC32,0.3976294994354248,0.35670948028564453
BACKEND_NULL,CHKSUM_CRC32,0.4257636070251465,0.31551098823547363
BACKEND_NULL,CHKSUM_CRC32,0.4793522357940674,0.32312560081481934
BACKEND_NULL,CHKSUM_CRC32,0.3907036781311035,0.2997865676879883
BACKEND_NULL,CHKSUM_CRC32,0.4675002098083496,0.3396451473236084
BACKEND_NULL,CHKSUM_CRC32,0.4232900142669678,0.3282299041748047
BACKEND_NULL,CHKSUM_CRC32,0.45114898681640625,0.2997751235961914
BACKEND_NULL,CHKSUM_CRC32,0.4173452854156494,0.32990193367004395
BACKEND_NULL,CHKSUM_CRC32,0.4386167526245117,0.31897735595703125
BACKEND_NULL,CHKSUM_CRC32,0.47020697593688965,0.3070664405822754
BACKEND_NULL,CHKSUM_CRC32,0.43025875091552734,0.3150796890258789
BACKEND_NULL,CHKSUM_CRC32,0.4684758186340332,0.3448307514190674
BACKEND_NULL,CHKSUM_CRC32,0.44716787338256836,0.29648685455322266
BACKEND_NULL,CHKSUM_CRC32,0.41521406173706055,0.3048243522644043
BACKEND_NULL,CHKSUM_CRC32,0.4589052200317383,0.3111872673034668
BACKEND_NULL,CHKSUM_CRC32,0.3788583278656006,0.3172128200531006
BACKEND_NULL,CHKSUM_CRC32,0.4722874164581299,0.3365654945373535
BACKEND_NULL,CHKSUM_CRC32,0.4350852966308594,0.38619065284729004
BACKEND_NULL,CHKSUM_CRC32,0.42837071418762207,0.3486955165863037
BACKEND_NULL,CHKSUM_CRC32,0.45905041694641113,0.4552342891693115
BACKEND_NULL,CHKSUM_CRC32,0.44652366638183594,0.34876561164855957
BACKEND_NULL,CHKSUM_CRC32,0.47870850563049316,0.33301377296447754
BACKEND_NULL,CHKSUM_CRC32,0.4394102096557617,0.3276102542877197
BACKEND_NULL,CHKSUM_CRC32,0.47864866256713867,0.3642094135284424
BACKEND_NULL,CHKSUM_CRC32,0.448239803314209,0.31707763671875
BACKEND_NULL,CHKSUM_CRC32,0.43288421630859375,0.3348958492279053
BACKEND_NULL,CHKSUM_CRC32,0.42025208473205566,0.31580066680908203
BACKEND_NULL,CHKSUM_CRC32,0.41707682609558105,0.3226487636566162
BACKEND_NULL,CHKSUM_CRC32,0.4815225601196289,0.41104865074157715
BACKEND_NULL,CHKSUM_CRC32,0.4545474052429199,0.34176039695739746
BACKEND_NULL,CHKSUM_CRC32,0.40519046783447266,0.31690120697021484
BACKEND_NULL,CHKSUM_CRC32,0.426832914352417,0.3419370651245117
BACKEND_NULL,CHKSUM_CRC32,0.40988636016845703,0.31471920013427734
BACKEND_NULL,CHKSUM_CRC32,0.47356295585632324,0.3428921699523926
BACKEND_NULL,CHKSUM_CRC32,0.44397711753845215,0.30232667922973633
BACKEND_NULL,CHKSUM_CRC32,0.4257199764251709,0.3319997787475586
BACKEND_NULL,CHKSUM_CRC32,0.4564638137817383,0.31575965881347656
BACKEND_NULL,CHKSUM_CRC32,0.4248940944671631,0.3363456726074219
BACKEND_NULL,CHKSUM_CRC32,0.45652270317077637,0.2971012592315674
BACKEND_NULL,CHKSUM_CRC32,0.38459229469299316,0.3254096508026123
BACKEND_NULL,CHKSUM_CRC32,0.40730834007263184,0.33074164390563965
BACKEND_NULL,CHKSUM_CRC32,0.4681723117828369,0.3318021297454834
BACKEND_NULL,CHKSUM_CRC32,0.3849027156829834,0.31961584091186523
BACKEND_NULL,CHKSUM_CRC32,0.4080381393432617,0.3223567008972168
BACKEND_NULL,CHKSUM_CRC32,0.4164614677429199,0.31386423110961914
BACKEND_NULL,CHKSUM_CRC32,0.4699263572692871,0.3111898899078369
BACKEND_NULL,CHKSUM_CRC32,0.4329409599304199,0.2892131805419922
BACKEND_NULL,CHKSUM_CRC32,0.4308898448944092,0.3095893859863281
BACKEND_NULL,CHKSUM_CRC32,0.4164276123046875,0.30030131340026855
BACKEND_NULL,CHKSUM_CRC32,0.40973949432373047,0.31973934173583984
BACKEND_NULL,CHKSUM_CRC32,0.42093372344970703,0.3209249973297119
BACKEND_NULL,CHKSUM_CRC32,0.41967034339904785,0.31211256980895996
BACKEND_NULL,CHKSUM_CRC32,0.4383363723754883,0.3226957321166992
BACKEND_NULL,CHKSUM_CRC32,0.4098081588745117,0.3296244144439697
BACKEND_NULL,CHKSUM_CRC32,0.414278507232666,0.29321813583374023
BACKEND_NULL,CHKSUM_CRC32,0.38861775398254395,0.2931339740753174
BACKEND_NULL,CHKSUM_CRC32,0.4336867332458496,0.36097288131713867
BACKEND_NULL,CHKSUM_CRC32,0.42499375343322754,0.28361964225769043
BACKEND_NULL,CHKSUM_CRC32,0.46047449111938477,0.32694482803344727
BACKEND_NULL,CHKSUM_CRC32,0.4760093688964844,0.3117988109588623
BACKEND_NULL,CHKSUM_CRC32,0.42632079124450684,0.3180248737335205
BACKEND_NULL,CHKSUM_CRC32,0.41804957389831543,0.308682918548584
BACKEND_NULL,CHKSUM_CRC32,0.5301158428192139,0.4049031734466553
BACKEND_NULL,CHKSUM_CRC32,0.4331362247467041,0.4227774143218994
BACKEND_NULL,CHKSUM_CRC32,0.5341172218322754,0.4317452907562256
BACKEND_NULL,CHKSUM_CRC32,0.4569230079650879,0.38683605194091797
BACKEND_NULL,CHKSUM_CRC32,0.4311187267303467,0.3307375907897949
BACKEND_NULL,CHKSUM_CRC32,0.4062178134918213,0.3272113800048828
BACKEND_NULL,CHKSUM_CRC32,0.40521931648254395,0.31780505180358887
BACKEND_NULL,CHKSUM_CRC32,0.5047383308410645,0.38785409927368164
BACKEND_NULL,CHKSUM_CRC32,0.48050427436828613,0.36925530433654785
BACKEND_NULL,CHKSUM_CRC32,0.47860097885131836,0.353626012802124
BACKEND_NULL,CHKSUM_CRC32,0.46709203720092773,0.3762836456298828
BACKEND_NULL,CHKSUM_CRC32,0.4625072479248047,0.3215770721435547
BACKEND_NULL,CHKSUM_CRC32,0.43619823455810547,0.3341789245605469
BACKEND_NULL,CHKSUM_CRC32,0.47855591773986816,0.3474581241607666
BACKEND_NULL,CHKSUM_CRC32,0.40145182609558105,0.34322404861450195
BACKEND_NULL,CHKSUM_CRC32,0.4708418846130371,0.40091896057128906
BACKEND_NULL,CHKSUM_CRC32,0.5306429862976074,0.3641061782836914
BACKEND_NULL,CHKSUM_CRC32,0.465848445892334,0.35967302322387695
BACKEND_NULL,CHKSUM_CRC32,0.455913782119751,0.3588273525238037
BACKEND_NULL,CHKSUM_CRC32,0.45833778381347656,0.38013505935668945
BACKEND_NULL,CHKSUM_CRC32,0.47869420051574707,0.39649200439453125
BACKEND_NULL,CHKSUM_CRC32,0.4648468494415283,0.41560816764831543
BACKEND_NULL,CHKSUM_CRC32,0.4195833206176758,0.4031648635864258
BACKEND_NULL,CHKSUM_CRC32,0.49739742279052734,0.36224794387817383
BACKEND_NULL,CHKSUM_CRC32,0.4401071071624756,0.35148167610168457
BACKEND_NULL,CHKSUM_CRC32,0.4682762622833252,0.3349757194519043
BACKEND_NULL,CHKSUM_CRC32,0.4510459899902344,0.36084961891174316
BACKEND_NULL,CHKSUM_CRC32,0.4841446876525879,0.34125328063964844
BACKEND_NULL,CHKSUM_CRC32,0.5193216800689697,0.3287334442138672
BACKEND_NULL,CHKSUM_CRC32,0.4893381595611572,0.32460856437683105
BACKEND_NULL,CHKSUM_CRC32,0.4029238224029541,0.3162710666656494
BACKEND_NULL,CHKSUM_CRC32,0.3969614505767822,0.3195338249206543
BACKEND_NULL,CHKSUM_CRC32,0.42870521545410156,0.31833577156066895
BACKEND_NULL,CHKSUM_CRC32,0.4294886589050293,0.31903648376464844
BACKEND_NULL,CHKSUM_CRC32,0.4547710418701172,0.31973814964294434
BACKEND_NULL,CHKSUM_CRC32,0.42603230476379395,0.3148369789123535
BACKEND_NULL,CHKSUM_CRC32,0.41663336753845215,0.40410399436950684
BACKEND_NULL,CHKSUM_MD5,0.5364160537719727,0.36757874488830566
BACKEND_NULL,CHKSUM_MD5,0.44521665573120117,0.36391425132751465
BACKEND_NULL,CHKSUM_MD5,0.45006561279296875,0.36080241203308105
BACKEND_NULL,CHKSUM_MD5,0.4111607074737549,0.3464171886444092
BACKEND_NULL,CHKSUM_MD5,0.4596095085144043,0.37961626052856445
BACKEND_NULL,CHKSUM_MD5,0.47376322746276855,0.3063936233520508
BACKEND_NULL,CHKSUM_MD5,0.5031032562255859,0.3539576530456543
BACKEND_NULL,CHKSUM_MD5,0.4530808925628662,0.31142473220825195
BACKEND_NULL,CHKSUM_MD5,0.4360930919647217,0.3195669651031494
BACKEND_NULL,CHKSUM_MD5,0.41307783126831055,0.3032822608947754
BACKEND_NULL,CHKSUM_MD5,0.40679121017456055,0.3338613510131836
BACKEND_NULL,CHKSUM_MD5,0.4405841827392578,0.311722993850708
BACKEND_NULL,CHKSUM_MD5,0.42064976692199707,0.2970864772796631
BACKEND_NULL,CHKSUM_MD5,0.433795690536499,0.30268311500549316
BACKEND_NULL,CHKSUM_MD5,0.41312146186828613,0.28554558753967285
BACKEND_NULL,CHKSUM_MD5,0.42493605613708496,0.3660717010498047
BACKEND_NULL,CHKSUM_MD5,0.523798942565918,0.38544249534606934
BACKEND_NULL,CHKSUM_MD5,0.4605884552001953,0.3208937644958496
BACKEND_NULL,CHKSUM_MD5,0.44933271408081055,0.3320338726043701
BACKEND_NULL,CHKSUM_MD5,0.46244311332702637,0.3433661460876465
BACKEND_NULL,CHKSUM_MD5,0.41938328742980957,0.33124804496765137
BACKEND_NULL,CHKSUM_MD5,0.46846532821655273,0.3305041790008545
BACKEND_NULL,CHKSUM_MD5,0.42183732986450195,0.35721850395202637
BACKEND_NULL,CHKSUM_MD5,0.4551222324371338,0.3218252658843994
BACKEND_NULL,CHKSUM_MD5,0.4412815570831299,0.3516387939453125
BACKEND_NULL,CHKSUM_MD5,0.4647529125213623,0.32666993141174316
BACKEND_NULL,CHKSUM_MD5,0.45489501953125,0.37604475021362305
BACKEND_NULL,CHKSUM_MD5,0.4727485179901123,0.3644752502441406
BACKEND_NULL,CHKSUM_MD5,0.46606898307800293,0.31960082054138184
BACKEND_NULL,CHKSUM_MD5,0.43883824348449707,0.2952120304107666
BACKEND_NULL,CHKSUM_MD5,0.4618082046508789,0.3275740146636963
BACKEND_NULL,CHKSUM_MD5,0.4747786521911621,0.30533909797668457
BACKEND_NULL,CHKSUM_MD5,0.42246484756469727,0.3623168468475342
BACKEND_NULL,CHKSUM_MD5,0.4947395324707031,0.3609504699707031
BACKEND_NULL,CHKSUM_MD5,0.5010342597961426,0.3092825412750244
BACKEND_NULL,CHKSUM_MD5,0.4864804744720459,0.3265399932861328
BACKEND_NULL,CHKSUM_MD5,0.44153928756713867,0.32442712783813477
BACKEND_NULL,CHKSUM_MD5,0.435563325881958,0.31029462814331055
BACKEND_NULL,CHKSUM_MD5,0.41965579986572266,0.28426408767700195
BACKEND_NULL,CHKSUM_MD5,0.552175760269165,0.392153263092041
BACKEND_NULL,CHKSUM_MD5,0.44017767906188965,0.29899096488952637
BACKEND_NULL,CHKSUM_MD5,0.4887862205505371,0.37727975845336914
BACKEND_NULL,CHKSUM_MD5,0.4181675910949707,0.302844762802124
BACKEND_NULL,CHKSUM_MD5,0.4391143321990967,0.3490877151489258
BACKEND_NULL,CHKSUM_MD5,0.4508223533630371,0.2798030376434326
BACKEND_NULL,CHKSUM_MD5,0.4266085624694824,0.2886345386505127
BACKEND_NULL,CHKSUM_MD5,0.4354875087738037,0.3083469867706299
BACKEND_NULL,CHKSUM_MD5,0.4637410640716553,0.3063352108001709
BACKEND_NULL,CHKSUM_MD5,0.414398193359375,0.3084268569946289
BACKEND_NULL,CHKSUM_MD5,0.45719313621520996,0.31719040870666504
BACKEND_NULL,CHKSUM_MD5,0.41538310050964355,0.30208325386047363
BACKEND_NULL,CHKSUM_MD5,0.39971923828125,0.2965054512023926
BACKEND_NULL,CHKSUM_MD5,0.4709653854370117,0.3118703365325928
BACKEND_NULL,CHKSUM_MD5,0.43712687492370605,0.33138442039489746
BACKEND_NULL,CHKSUM_MD5,0.41730284690856934,0.3318333625793457
BACKEND_NULL,CHKSUM_MD5,0.4490797519683838,0.285233736038208
BACKEND_NULL,CHKSUM_MD5,0.4026944637298584,0.3330674171447754
BACKEND_NULL,CHKSUM_MD5,0.4431772232055664,0.31311655044555664
BACKEND_NULL,CHKSUM_MD5,0.4193120002746582,0.30921196937561035
BACKEND_NULL,CHKSUM_MD5,0.4608898162841797,0.31287527084350586
BACKEND_NULL,CHKSUM_MD5,0.4558384418487549,0.3085601329803467
BACKEND_NULL,CHKSUM_MD5,0.38437485694885254,0.30494022369384766
BACKEND_NULL,CHKSUM_MD5,0.4604501724243164,0.29320430755615234
BACKEND_NULL,CHKSUM_MD5,0.3988077640533447,0.3001291751861572
BACKEND_NULL,CHKSUM_MD5,0.39490818977355957,0.3023355007171631
BACKEND_NULL,CHKSUM_MD5,0.4261605739593506,0.3291304111480713
BACKEND_NULL,CHKSUM_MD5,0.5185697078704834,0.3387410640716553
BACKEND_NULL,CHKSUM_MD5,0.47103166580200195,0.36354660987854004
BACKEND_NULL,CHKSUM_MD5,0.47882843017578125,0.4051196575164795
BACKEND_NULL,CHKSUM_MD5,0.49889636039733887,0.3269519805908203
BACKEND_NULL,CHKSUM_MD5,0.44214844703674316,0.36244869232177734
BACKEND_NULL,CHKSUM_MD5,0.5040011405944824,0.39916348457336426
BACKEND_NULL,CHKSUM_MD5,0.4420022964477539,0.29665112495422363
BACKEND_NULL,CHKSUM_MD5,0.4503767490386963,0.3123350143432617
BACKEND_NULL,CHKSUM_MD5,0.4549851417541504,0.29950952529907227
BACKEND_NULL,CHKSUM_MD5,0.40638184547424316,0.35276174545288086
BACKEND_NULL,CHKSUM_MD5,0.46084117889404297,0.33855748176574707
BACKEND_NULL,CHKSUM_MD5,0.4357481002807617,0.3010106086730957
BACKEND_NULL,CHKSUM_MD5,0.4466896057128906,0.2982351779937744
BACKEND_NULL,CHKSUM_MD5,0.3936746120452881,0.3016781806945801
BACKEND_NULL,CHKSUM_MD5,0.4065380096435547,0.2904839515686035
BACKEND_NULL,CHKSUM_MD5,0.439239501953125,0.3151438236236572
BACKEND_NULL,CHKSUM_MD5,0.40401577949523926,0.3051433563232422
BACKEND_NULL,CHKSUM_MD5,0.44463491439819336,0.297374963760376
BACKEND_NULL,CHKSUM_MD5,0.4159512519836426,0.2891998291015625
BACKEND_NULL,CHKSUM_MD5,0.4163944721221924,0.3053126335144043
BACKEND_NULL,CHKSUM_MD5,0.4701957702636719,0.36955714225769043
BACKEND_NULL,CHKSUM_MD5,0.4792768955230713,0.31726622581481934
BACKEND_NULL,CHKSUM_MD5,0.46388959884643555,0.3179144859313965
BACKEND_NULL,CHKSUM_MD5,0.40014147758483887,0.302478551864624
BACKEND_NULL,CHKSUM_MD5,0.4336721897125244,0.26710987091064453
BACKEND_NULL,CHKSUM_MD5,0.44259023666381836,0.30294203758239746
BACKEND_NULL,CHKSUM_MD5,0.43638157844543457,0.2859659194946289
BACKEND_NULL,CHKSUM_MD5,0.43872737884521484,0.30667591094970703
BACKEND_NULL,CHKSUM_MD5,0.42475438117980957,0.29607057571411133
BACKEND_NULL,CHKSUM_MD5,0.41875243186950684,0.2905232906341553
BACKEND_NULL,CHKSUM_MD5,0.41152048110961914,0.3106544017791748
BACKEND_NULL,CHKSUM_MD5,0.41599225997924805,0.2916572093963623
BACKEND_NULL,CHKSUM_MD5,0.4781191349029541,0.3722083568572998
BACKEND_NULL,CHKSUM_MD5,0.4603908061981201,0.36835241317749023
JERASURE_RS_VAND,CHKSUM_NONE,0.37410402297973633,0.3207278251647949
JERASURE_RS_VAND,CHKSUM_NONE,0.43619799613952637,0.3056676387786865
JERASURE_RS_VAND,CHKSUM_NONE,0.43438029289245605,0.3159470558166504
JERASURE_RS_VAND,CHKSUM_NONE,0.453200101852417,0.32152605056762695
JERASURE_RS_VAND,CHKSUM_NONE,0.4588627815246582,0.3211028575897217
JERASURE_RS_VAND,CHKSUM_NONE,0.4872753620147705,0.30376267433166504
JERASURE_RS_VAND,CHKSUM_NONE,0.441617488861084,0.34378647804260254
JERASURE_RS_VAND,CHKSUM_NONE,0.43486452102661133,0.31879377365112305
JERASURE_RS_VAND,CHKSUM_NONE,0.43769264221191406,0.33492326736450195
JERASURE_RS_VAND,CHKSUM_NONE,0.43901824951171875,0.3087961673736572
JERASURE_RS_VAND,CHKSUM_NONE,0.4226710796356201,0.32204627990722656
JERASURE_RS_VAND,CHKSUM_NONE,0.4847679138183594,0.3281252384185791
JERASURE_RS_VAND,CHKSUM_NONE,0.4325423240661621,0.32079577445983887
JERASURE_RS_VAND,CHKSUM_NONE,0.41104578971862793,0.29156494140625
JERASURE_RS_VAND,CHKSUM_NONE,0.4482278823852539,0.34038591384887695
JERASURE_RS_VAND,CHKSUM_NONE,0.4105701446533203,0.3116164207458496
JERASURE_RS_VAND,CHKSUM_NONE,0.4773867130279541,0.3385658264160156
JERASURE_RS_VAND,CHKSUM_NONE,0.5229175090789795,0.37608909606933594
JERASURE_RS_VAND,CHKSUM_NONE,0.4193456172943115,0.3274805545806885
JERASURE_RS_VAND,CHKSUM_NONE,0.3900880813598633,0.30778050422668457
JERASURE_RS_VAND,CHKSUM_NONE,0.4218723773956299,0.29912638664245605
JERASURE_RS_VAND,CHKSUM_NONE,0.4364337921142578,0.32675790786743164
JERASURE_RS_VAND,CHKSUM_NONE,0.4324955940246582,0.2761571407318115
JERASURE_RS_VAND,CHKSUM_NONE,0.420360803604126,0.3362398147583008
JERASURE_RS_VAND,CHKSUM_NONE,0.4760918617248535,0.33028697967529297
JERASURE_RS_VAND,CHKSUM_NONE,0.46083569526672363,0.34809160232543945
JERASURE_RS_VAND,CHKSUM_NONE,0.4236733913421631,0.38511037826538086
JERASURE_RS_VAND,CHKSUM_NONE,0.47846198081970215,0.3102686405181885
JERASURE_RS_VAND,CHKSUM_NONE,0.541642427444458,0.38963937759399414
JERASURE_RS_VAND,CHKSUM_NONE,0.498049259185791,0.38181447982788086
JERASURE_RS_VAND,CHKSUM_NONE,0.4448697566986084,0.3695645332336426
JERASURE_RS_VAND,CHKSUM_NONE,0.4712557792663574,0.35782814025878906
JERASURE_RS_VAND,CHKSUM_NONE,0.47414541244506836,0.32822251319885254
JERASURE_RS_VAND,CHKSUM_NONE,0.42767763137817383,0.3235957622528076
JERASURE_RS_VAND,CHKSUM_NONE,0.4655747413635254,0.33633947372436523
JERASURE_RS_VAND,CHKSUM_NONE,0.4729299545288086,0.34679102897644043
JERASURE_RS_VAND,CHKSUM_NONE,0.4686770439147949,0.3308727741241455
JERASURE_RS_VAND,CHKSUM_NONE,0.4941728115081787,0.3147401809692383
JERASURE_RS_VAND,CHKSUM_NONE,0.46857523918151855,0.3421604633331299
JERASURE_RS_VAND,CHKSUM_NONE,0.4525461196899414,0.40558743476867676
JERASURE_RS_VAND,CHKSUM_NONE,0.4607272148132324,0.3353867530822754
JERASURE_RS_VAND,CHKSUM_NONE,0.55234694480896,0.40006017684936523
JERASURE_RS_VAND,CHKSUM_NONE,0.5566413402557373,0.41203999519348145
JERASURE_RS_VAND,CHKSUM_NONE,0.552004337310791,0.41051506996154785
JERASURE_RS_VAND,CHKSUM_NONE,0.5283806324005127,0.3509221076965332
JERASURE_RS_VAND,CHKSUM_NONE,0.43500256538391113,0.3311288356781006
JERASURE_RS_VAND,CHKSUM_NONE,0.49456286430358887,0.3275473117828369
JERASURE_RS_VAND,CHKSUM_NONE,0.5302062034606934,0.37654614448547363
JERASURE_RS_VAND,CHKSUM_NONE,0.4483969211578369,0.3503732681274414
JERASURE_RS_VAND,CHKSUM_NONE,0.5025699138641357,0.3782229423522949
JERASURE_RS_VAND,CHKSUM_NONE,0.4817192554473877,0.3488936424255371
JERASURE_RS_VAND,CHKSUM_NONE,0.47902727127075195,0.32430338859558105
JERASURE_RS_VAND,CHKSUM_NONE,0.40323495864868164,0.4023871421813965
JERASURE_RS_VAND,CHKSUM_NONE,0.503596305847168,0.3275885581970215
JERASURE_RS_VAND,CHKSUM_NONE,0.4444894790649414,0.404069185256958
JERASURE_RS_VAND,CHKSUM_NONE,0.39576125144958496,0.30184102058410645
JERASURE_RS_VAND,CHKSUM_NONE,0.42443037033081055,0.3466923236846924
JERASURE_RS_VAND,CHKSUM_NONE,0.4300556182861328,0.30380988121032715
JERASURE_RS_VAND,CHKSUM_NONE,0.4323081970214844,0.31685733795166016
JERASURE_RS_VAND,CHKSUM_NONE,0.40134525299072266,0.2925384044647217
JERASURE_RS_VAND,CHKSUM_NONE,0.3930070400238037,0.3321976661682129
JERASURE_RS_VAND,CHKSUM_NONE,0.47089219093322754,0.39847493171691895
JERASURE_RS_VAND,CHKSUM_NONE,0.5245826244354248,0.3998146057128906
JERASURE_RS_VAND,CHKSUM_NONE,0.5006542205810547,0.3052248954772949
JERASURE_RS_VAND,CHKSUM_NONE,0.45596742630004883,0.32381105422973633
JERASURE_RS_VAND,CHKSUM_NONE,0.4251723289489746,0.3105592727661133
JERASURE_RS_VAND,CHKSUM_NONE,0.46758532524108887,0.3739902973175049
JERASURE_RS_VAND,CHKSUM_NONE,0.5057096481323242,0.3424553871154785
JERASURE_RS_VAND,CHKSUM_NONE,0.4764058589935303,0.3321058750152588
JERASURE_RS_VAND,CHKSUM_NONE,0.4168436527252197,0.3403909206390381
JERASURE_RS_VAND,CHKSUM_NONE,0.4620685577392578,0.317868709564209
JERASURE_RS_VAND,CHKSUM_NONE,0.5202414989471436,0.3550724983215332
JERASURE_RS_VAND,CHKSUM_NONE,0.5228588581085205,0.3772106170654297
JERASURE_RS_VAND,CHKSUM_NONE,0.48221755027770996,0.36709141731262207
JERASURE_RS_VAND,CHKSUM_NONE,0.48386168479919434,0.34331417083740234
JERASURE_RS_VAND,CHKSUM_NONE,0.46094417572021484,0.3122444152832031
JERASURE_RS_VAND,CHKSUM_NONE,0.46215367317199707,0.3572828769683838
JERASURE_RS_VAND,CHKSUM_NONE,0.4829437732696533,0.3215463161468506
JERASURE_RS_VAND,CHKSUM_NONE,0.4299144744873047,0.35092830657958984
JERASURE_RS_VAND,CHKSUM_NONE,0.397857666015625,0.34298276901245117
JERASURE_RS_VAND,CHKSUM_NONE,0.4384467601776123,0.31172800064086914
JERASURE_RS_VAND,CHKSUM_NONE,0.44155073165893555,0.3393726348876953
JERASURE_RS_VAND,CHKSUM_NONE,0.483684778213501,0.3631148338317871
JERASURE_RS_VAND,CHKSUM_NONE,0.4734182357788086,0.3245232105255127
JERASURE_RS_VAND,CHKSUM_NONE,0.4615035057067871,0.32120609283447266
JERASURE_RS_VAND,CHKSUM_NONE,0.43279170989990234,0.30039215087890625
JERASURE_RS_VAND,CHKSUM_NONE,0.4619591236114502,0.33625078201293945
JERASURE_RS_VAND,CHKSUM_NONE,0.4192228317260742,0.34728240966796875
JERASURE_RS_VAND,CHKSUM_NONE,0.49033093452453613,0.32624197006225586
JERASURE_RS_VAND,CHKSUM_NONE,0.5214612483978271,0.3459627628326416
JERASURE_RS_VAND,CHKSUM_NONE,0.5122592449188232,0.3705406188964844
JERASURE_RS_VAND,CHKSUM_NONE,0.4861185550689697,0.38205909729003906
JERASURE_RS_VAND,CHKSUM_NONE,0.4530010223388672,0.43523573875427246
JERASURE_RS_VAND,CHKSUM_NONE,0.4961824417114258,0.3205125331878662
JERASURE_RS_VAND,CHKSUM_NONE,0.44455504417419434,0.35807156562805176
JERASURE_RS_VAND,CHKSUM_NONE,0.461622953414917,0.33197855949401855
JERASURE_RS_VAND,CHKSUM_NONE,0.42934417724609375,0.33902859687805176
JERASURE_RS_VAND,CHKSUM_NONE,0.44394850730895996,0.3060157299041748
JERASURE_RS_VAND,CHKSUM_NONE,0.5097036361694336,0.3655738830566406
JERASURE_RS_VAND,CHKSUM_NONE,0.5029683113098145,0.3388493061065674
JERASURE_RS_VAND,CHKSUM_CRC32,0.42117929458618164,0.4202725887298584
JERASURE_RS_VAND,CHKSUM_CRC32,0.46030163764953613,0.35298919677734375
JERASURE_RS_VAND,CHKSUM_CRC32,0.4300990104675293,0.35272216796875
JERASURE_RS_VAND,CHKSUM_CRC32,0.4519686698913574,0.33542442321777344
JERASURE_RS_VAND,CHKSUM_CRC32,0.406935453414917,0.37505340576171875
JERASURE_RS_VAND,CHKSUM_CRC32,0.4552490711212158,0.34256863594055176
JERASURE_RS_VAND,CHKSUM_CRC32,0.4157707691192627,0.3179011344909668
JERASURE_RS_VAND,CHKSUM_CRC32,0.4222264289855957,0.30833983421325684
JERASURE_RS_VAND,CHKSUM_CRC32,0.4434385299682617,0.2841379642486572
JERASURE_RS_VAND,CHKSUM_CRC32,0.4149129390716553,0.3322427272796631
JERASURE_RS_VAND,CHKSUM_CRC32,0.4377322196960449,0.3788876533508301
JERASURE_RS_VAND,CHKSUM_CRC32,0.49050307273864746,0.34313178062438965
JERASURE_RS_VAND,CHKSUM_CRC32,0.4766221046447754,0.35199999809265137
JERASURE_RS_VAND,CHKSUM_CRC32,0.4852590560913086,0.34168434143066406
JERASURE_RS_VAND,CHKSUM_CRC32,0.4668259620666504,0.3088231086730957
JERASURE_RS_VAND,CHKSUM_CRC32,0.46988892555236816,0.29886627197265625
JERASURE_RS_VAND,CHKSUM_CRC32,0.44946861267089844,0.31349682807922363
JERASURE_RS_VAND,CHKSUM_CRC32,0.4375789165496826,0.289902925491333
JERASURE_RS_VAND,CHKSUM_CRC32,0.4305076599121094,0.31507349014282227
JERASURE_RS_VAND,CHKSUM_CRC32,0.4451937675476074,0.29824185371398926
JERASURE_RS_VAND,CHKSUM_CRC32,0.4993715286254883,0.32213521003723145
JERASURE_RS_VAND,CHKSUM_CRC32,0.4435398578643799,0.36826229095458984
JERASURE_RS_VAND,CHKSUM_CRC32,0.5002741813659668,0.3968780040740967
JERASURE_RS_VAND,CHKSUM_CRC32,0.5306761264801025,0.3506605625152588
JERASURE_RS_VAND,CHKSUM_CRC32,0.49344801902770996,0.305192232131958
JERASURE_RS_VAND,CHKSUM_CRC32,0.45995163917541504,0.30100250244140625
JERASURE_RS_VAND,CHKSUM_CRC32,0.49993038177490234,0.3398435115814209
JERASURE_RS_VAND,CHKSUM_CRC32,0.5613625049591064,0.32274413108825684
JERASURE_RS_VAND,CHKSUM_CRC32,0.482196569442749,0.3340628147125244
JERASURE_RS_VAND,CHKSUM_CRC32,0.46698904037475586,0.30939793586730957
JERASURE_RS_VAND,CHKSUM_CRC32,0.4470088481903076,0.2762608528137207
JERASURE_RS_VAND,CHKSUM_CRC32,0.5355548858642578,0.35312962532043457
JERASURE_RS_VAND,CHKSUM_CRC32,0.47986555099487305,0.35627245903015137
JERASURE_RS_VAND,CHKSUM_CRC32,0.5777037143707275,0.3510932922363281
JERASURE_RS_VAND,CHKSUM_CRC32,0.47348570823669434,0.3261227607727051
JERASURE_RS_VAND,CHKSUM_CRC32,0.4683356285095215,0.32135725021362305
JERASURE_RS_VAND,CHKSUM_CRC32,0.477078914642334,0.3612685203552246
JERASURE_RS_VAND,CHKSUM_CRC32,0.587080717086792,0.42768120765686035
JERASURE_RS_VAND,CHKSUM_CRC32,0.5321314334869385,0.40409302711486816
JERASURE_RS_VAND,CHKSUM_CRC32,0.49633073806762695,0.3720088005065918
JERASURE_RS_VAND,CHKSUM_CRC32,0.4776120185852051,0.34279870986938477
JERASURE_RS_VAND,CHKSUM_CRC32,0.4052891731262207,0.34328246116638184
JERASURE_RS_VAND,CHKSUM_CRC32,0.4625709056854248,0.3071925640106201
JERASURE_RS_VAND,CHKSUM_CRC32,0.47097206115722656,0.31020379066467285
JERASURE_RS_VAND,CHKSUM_CRC32,0.4443228244781494,0.31581640243530273
JERASURE_RS_VAND,CHKSUM_CRC32,0.43433570861816406,0.3251307010650635
JERASURE_RS_VAND,CHKSUM_CRC32,0.45655012130737305,0.3558785915374756
JERASURE_RS_VAND,CHKSUM_CRC32,0.4468498229980469,0.32769179344177246
JERASURE_RS_VAND,CHKSUM_CRC32,0.5255851745605469,0.33101534843444824
JERASURE_RS_VAND,CHKSUM_CRC32,0.4648478031158447,0.3058176040649414
JERASURE_RS_VAND,CHKSUM_CRC32,0.43553781509399414,0.35215306282043457
JERASURE_RS_VAND,CHKSUM_CRC32,0.46012067794799805,0.3433535099029541
JERASURE_RS_VAND,CHKSUM_CRC32,0.46376943588256836,0.3290092945098877
JERASURE_RS_VAND,CHKSUM_CRC32,0.4795706272125244,0.34241819381713867
JERASURE_RS_VAND,CHKSUM_CRC32,0.4874582290649414,0.4019203186035156
JERASURE_RS_VAND,CHKSUM_CRC32,0.49852681159973145,0.3192138671875
JERASURE_RS_VAND,CHKSUM_CRC32,0.45008349418640137,0.33978843688964844
JERASURE_RS_VAND,CHKSUM_CRC32,0.47214674949645996,0.3214893341064453
JERASURE_RS_VAND,CHKSUM_CRC32,0.43639111518859863,0.3897387981414795
JERASURE_RS_VAND,CHKSUM_CRC32,0.48900604248046875,0.3555119037628174
JERASURE_RS_VAND,CHKSUM_CRC32,0.4735569953918457,0.3703784942626953
JERASURE_RS_VAND,CHKSUM_CRC32,0.451279878616333,0.2952702045440674
JERASURE_RS_VAND,CHKSUM_CRC32,0.46600914001464844,0.3837740421295166
JERASURE_RS_VAND,CHKSUM_CRC32,0.4774487018585205,0.32755422592163086
JERASURE_RS_VAND,CHKSUM_CRC32,0.4774758815765381,0.3456456661224365
JERASURE_RS_VAND,CHKSUM_CRC32,0.45477962493896484,0.4098494052886963
JERASURE_RS_VAND,CHKSUM_CRC32,0.4730708599090576,0.33406519889831543
JERASURE_RS_VAND,CHKSUM_CRC32,0.4485447406768799,0.34116148948669434
JERASURE_RS_VAND,CHKSUM_CRC32,0.4830174446105957,0.432131290435791
JERASURE_RS_VAND,CHKSUM_CRC32,0.4996631145477295,0.34198975563049316
JERASURE_RS_VAND,CHKSUM_CRC32,0.4606609344482422,0.35227179527282715
JERASURE_RS_VAND,CHKSUM_CRC32,0.4380459785461426,0.30219054222106934
JERASURE_RS_VAND,CHKSUM_CRC32,0.45539188385009766,0.3345370292663574
JERASURE_RS_VAND,CHKSUM_CRC32,0.4596116542816162,0.2941310405731201
JERASURE_RS_VAND,CHKSUM_CRC32,0.5131669044494629,0.33481836318969727
JERASURE_RS_VAND,CHKSUM_CRC32,0.41963839530944824,0.3366100788116455
JERASURE_RS_VAND,CHKSUM_CRC32,0.4933168888092041,0.3334228992462158
JERASURE_RS_VAND,CHKSUM_CRC32,0.4484691619873047,0.3453660011291504
JERASURE_RS_VAND,CHKSUM_CRC32,0.4326460361480713,0.3282346725463867
JERASURE_RS_VAND,CHKSUM_CRC32,0.46996068954467773,0.34273624420166016
JERASURE_RS_VAND,CHKSUM_CRC32,0.42850828170776367,0.3050351142883301
JERASURE_RS_VAND,CHKSUM_CRC32,0.4703648090362549,0.33673715591430664
JERASURE_RS_VAND,CHKSUM_CRC32,0.4621460437774658,0.3389456272125244
JERASURE_RS_VAND,CHKSUM_CRC32,0.4409139156341553,0.3321058750152588
JERASURE_RS_VAND,CHKSUM_CRC32,0.4890296459197998,0.31194472312927246
JERASURE_RS_VAND,CHKSUM_CRC32,0.44318461418151855,0.32480549812316895
JERASURE_RS_VAND,CHKSUM_CRC32,0.43114352226257324,0.32990050315856934
JERASURE_RS_VAND,CHKSUM_CRC32,0.46224164962768555,0.3211078643798828
JERASURE_RS_VAND,CHKSUM_CRC32,0.4430806636810303,0.335282564163208
JERASURE_RS_VAND,CHKSUM_CRC32,0.47002649307250977,0.34424757957458496
JERASURE_RS_CAUCHY,CHKSUM_NONE,0.31117868423461914,0.1807112693786621
JERASURE_RS_CAUCHY,CHKSUM_NONE,0.308962345123291,0.17981696128845215
JERASURE_RS_CAUCHY,CHKSUM_NONE,0.2863936424255371,0.1833953857421875
JERASURE_RS_CAUCHY,CHKSUM_NONE,0.2751128673553467,0.16570067405700684
JERASURE_RS_CAUCHY,CHKSUM_NONE,0.28702473640441895,0.18765997886657715
JERASURE_RS_CAUCHY,CHKSUM_NONE,0.29498958587646484,0.18887114524841309
JERASURE_RS_CAUCHY,CHKSUM_NONE,0.3127474784851074,0.17893576622009277
JERASURE_RS_CAUCHY,CHKSUM_NONE,0.29193735122680664,0.1852116584777832
JERASURE_RS_CAUCHY,CHKSUM_NONE,0.28599977493286133,0.1834700107574463
JERASURE_RS_CAUCHY,CHKSUM_NONE,0.30062222480773926,0.19013285636901855
JERASURE_RS_CAUCHY,CHKSUM_NONE,0.27156782150268555,0.1928730010986328
JERASURE_RS_CAUCHY,CHKSUM_NONE,0.21651744842529297,0.21382403373718262
JERASURE_RS_CAUCHY,CHKSUM_NONE,0.30650901794433594,0.1894216537475586
JERASURE_RS_CAUCHY,CHKSUM_NONE,0.2834920883178711,0.18544411659240723
JERASURE_RS_CAUCHY,CHKSUM_NONE,0.2931840419769287,0.24974370002746582
JERASURE_RS_CAUCHY,CHKSUM_NONE,0.29116296768188477,0.17055821418762207
JERASURE_RS_CAUCHY,CHKSUM_NONE,0.3003537654876709,0.1816082000732422
JERASURE_RS_CAUCHY,CHKSUM_NONE,0.26436448097229004,0.18697524070739746
JERASURE_RS_CAUCHY,CHKSUM_NONE,0.3007194995880127,0.15877509117126465
JERASURE_RS_CAUCHY,CHKSUM_NONE,0.27284789085388184,0.2123241424560547
JERASURE_RS_CAUCHY,CHKSUM_NONE,0.2787013053894043,0.16723084449768066
JERASURE_RS_CAUCHY,CHKSUM_NONE,0.26897621154785156,0.1888267993927002
JERASURE_RS_CAUCHY,CHKSUM_NONE,0.28688478469848633,0.17330050468444824
JERASURE_RS_CAUCHY,CHKSUM_NONE,0.2935318946838379,0.18831610679626465
JERASURE_RS_CAUCHY,CHKSUM_NONE,0.28113484382629395,0.17649316787719727
JERASURE_RS_CAUCHY,CHKSUM_NONE,0.278611421585083,0.19527244567871094
JERASURE_RS_CAUCHY,CHKSUM_NONE,0.27230238914489746,0.20079565048217773
JERASURE_RS_CAUCHY,CHKSUM_NONE,0.27224254608154297,0.17767620086669922
JERASURE_RS_CAUCHY,CHKSUM_NONE,0.29622769355773926,0.18192648887634277
JERASURE_RS_CAUCHY,CHKSUM_NONE,0.29204225540161133,0.2187938690185547
JERASURE_RS_CAUCHY,CHKSUM_NONE,0.28744029998779297,0.18811607360839844
JERASURE_RS_CAUCHY,CHKSUM_NONE,0.301891565322876,0.18137407302856445
JERASURE_RS_CAUCHY,CHKSUM_NONE,0.2700958251953125,0.12237668037414551
JERASURE_RS_CAUCHY,CHKSUM_NONE,0.2616562843322754,0.19948768615722656
JERASURE_RS_CAUCHY,CHKSUM_NONE,0.3202846050262451,0.15748143196105957
JERASURE_RS_CAUCHY,CHKSUM_NONE,0.31535959243774414,0.1764543056488037
JERASURE_RS_CAUCHY,CHKSUM_NONE,0.2552223205566406,0.18689465522766113
JERASURE_RS_CAUCHY,CHKSUM_NONE,0.3137807846069336,0.19986438751220703
JERASURE_RS_CAUCHY,CHKSUM_NONE,0.29822659492492676,0.22065067291259766
JERASURE_RS_CAUCHY,CHKSUM_NONE,0.2956423759460449,0.19295144081115723
JERASURE_RS_CAUCHY,CHKSUM_NONE,0.2865324020385742,0.18826532363891602
JERASURE_RS_CAUCHY,CHKSUM_NONE,0.25456690788269043,0.17772650718688965
JERASURE_RS_CAUCHY,CHKSUM_NONE,0.29978489875793457,0.16334915161132812
JERASURE_RS_CAUCHY,CHKSUM_NONE,0.3156697750091553,0.1944897174835205
JERASURE_RS_CAUCHY,CHKSUM_NONE,0.27345848083496094,0.19191312789916992
JERASURE_RS_CAUCHY,CHKSUM_NONE,0.32709479331970215,0.18797898292541504
JERASURE_RS_CAUCHY,CHKSUM_NONE,0.300384521484375,0.18386459350585938
JERASURE_RS_CAUCHY,CHKSUM_NONE,0.27680182456970215,0.1882920265197754
JERASURE_RS_CAUCHY,CHKSUM_NONE,0.3067913055419922,0.1832590103149414
JERASURE_RS_CAUCHY,CHKSUM_NONE,0.2850198745727539,0.20016932487487793
JERASURE_RS_CAUCHY,CHKSUM_NONE,0.2792057991027832,0.1909952163696289
JERASURE_RS_CAUCHY,CHKSUM_NONE,0.24379968643188477,0.1623070240020752
JERASURE_RS_CAUCHY,CHKSUM_NONE,0.27805542945861816,0.18255996704101562
JERASURE_RS_CAUCHY,CHKSUM_NONE,0.286773681640625,0.17520380020141602
JERASURE_RS_CAUCHY,CHKSUM_NONE,0.27123594284057617,0.16583752632141113
JERASURE_RS_CAUCHY,CHKSUM_NONE,0.2827324867248535,0.17314887046813965
JERASURE_RS_CAUCHY,CHKSUM_NONE,0.3115725517272949,0.17516136169433594
JERASURE_RS_CAUCHY,CHKSUM_NONE,0.2751891613006592,0.18910932540893555
JERASURE_RS_CAUCHY,CHKSUM_NONE,0.29732275009155273,0.1989140510559082
JERASURE_RS_CAUCHY,CHKSUM_NONE,0.2860910892486572,0.18338942527770996
JERASURE_RS_CAUCHY,CHKSUM_NONE,0.2995424270629883,0.17740583419799805
JERASURE_RS_CAUCHY,CHKSUM_NONE,0.2552909851074219,0.13488316535949707
JERASURE_RS_CAUCHY,CHKSUM_NONE,0.2510833740234375,0.21425557136535645
JERASURE_RS_CAUCHY,CHKSUM_NONE,0.26473402976989746,0.19683527946472168
JERASURE_RS_CAUCHY,CHKSUM_NONE,0.2692759037017822,0.21929025650024414
JERASURE_RS_CAUCHY,CHKSUM_NONE,0.22927236557006836,0.19126415252685547
JERASURE_RS_CAUCHY,CHKSUM_NONE,0.27657651901245117,0.18661761283874512
JERASURE_RS_CAUCHY,CHKSUM_NONE,0.2824571132659912,0.18066644668579102
JERASURE_RS_CAUCHY,CHKSUM_NONE,0.312976598739624,0.2021956443786621
JERASURE_RS_CAUCHY,CHKSUM_NONE,0.26612281799316406,0.12413573265075684
JERASURE_RS_CAUCHY,CHKSUM_NONE,0.23407769203186035,0.21161341667175293
JERASURE_RS_CAUCHY,CHKSUM_NONE,0.3065333366394043,0.18221426010131836
JERASURE_RS_CAUCHY,CHKSUM_NONE,0.29889988899230957,0.1745131015777588
JERASURE_RS_CAUCHY,CHKSUM_NONE,0.2700977325439453,0.17829442024230957
JERASURE_RS_CAUCHY,CHKSUM_NONE,0.2951338291168213,0.200439453125
JERASURE_RS_CAUCHY,CHKSUM_NONE,0.32589173316955566,0.1737377643585205
JERASURE_RS_CAUCHY,CHKSUM_NONE,0.22887563705444336,0.17220473289489746
JERASURE_RS_CAUCHY,CHKSUM_NONE,0.295337438583374,0.19701671600341797
JERASURE_RS_CAUCHY,CHKSUM_NONE,0.24417614936828613,0.20943999290466309
JERASURE_RS_CAUCHY,CHKSUM_NONE,0.2998533248901367,0.19552135467529297
JERASURE_RS_CAUCHY,CHKSUM_NONE,0.2818024158477783,0.18232131004333496
JERASURE_RS_CAUCHY,CHKSUM_NONE,0.27632999420166016,0.17851495742797852
JERASURE_RS_CAUCHY,CHKSUM_NONE,0.3011963367462158,0.19814801216125488
JERASURE_RS_CAUCHY,CHKSUM_NONE,0.3123953342437744,0.1736431121826172
JERASURE_RS_CAUCHY,CHKSUM_NONE,0.30315494537353516,0.1782209873199463
JERASURE_RS_CAUCHY,CHKSUM_NONE,0.28112077713012695,0.20600628852844238
JERASURE_RS_CAUCHY,CHKSUM_NONE,0.29834771156311035,0.17313504219055176
JERASURE_RS_CAUCHY,CHKSUM_NONE,0.2690408229827881,0.1460742950439453
JERASURE_RS_CAUCHY,CHKSUM_NONE,0.32049989700317383,0.16843414306640625
JERASURE_RS_CAUCHY,CHKSUM_NONE,0.33382415771484375,0.21195292472839355
JERASURE_RS_CAUCHY,CHKSUM_NONE,0.329740047454834,0.1677708625793457
JERASURE_RS_CAUCHY,CHKSUM_NONE,0.2927124500274658,0.19657254219055176
JERASURE_RS_CAUCHY,CHKSUM_NONE,0.27950596809387207,0.1882174015045166
JERASURE_RS_CAUCHY,CHKSUM_NONE,0.3089148998260498,0.18007802963256836
JERASURE_RS_CAUCHY,CHKSUM_NONE,0.2649707794189453,0.18326687812805176
JERASURE_RS_CAUCHY,CHKSUM_NONE,0.2878148555755615,0.1811830997467041
JERASURE_RS_CAUCHY,CHKSUM_NONE,0.2989535331726074,0.19267916679382324
JERASURE_RS_CAUCHY,CHKSUM_NONE,0.29807114601135254,0.20070648193359375
JERASURE_RS_CAUCHY,CHKSUM_NONE,0.3277251720428467,0.20827770233154297
JERASURE_RS_CAUCHY,CHKSUM_NONE,0.2858004570007324,0.17976069450378418
JERASURE_RS_CAUCHY,CHKSUM_CRC32,0.2985093593597412,0.18578696250915527
JERASURE_RS_CAUCHY,CHKSUM_CRC32,0.2988917827606201,0.18329381942749023
JERASURE_RS_CAUCHY,CHKSUM_CRC32,0.2668135166168213,0.12659263610839844
JERASURE_RS_CAUCHY,CHKSUM_CRC32,0.265228271484375,0.2047410011291504
JERASURE_RS_CAUCHY,CHKSUM_CRC32,0.26639366149902344,0.16820311546325684
JERASURE_RS_CAUCHY,CHKSUM_CRC32,0.2855372428894043,0.20526909828186035
JERASURE_RS_CAUCHY,CHKSUM_CRC32,0.282193660736084,0.18951082229614258
JERASURE_RS_CAUCHY,CHKSUM_CRC32,0.3252291679382324,0.16818761825561523
JERASURE_RS_CAUCHY,CHKSUM_CRC32,0.28450775146484375,0.17806673049926758
JERASURE_RS_CAUCHY,CHKSUM_CRC32,0.26929688453674316,0.17740964889526367
JERASURE_RS_CAUCHY,CHKSUM_CRC32,0.30321407318115234,0.17908048629760742
JERASURE_RS_CAUCHY,CHKSUM_CRC32,0.2830843925476074,0.1791982650756836
JERASURE_RS_CAUCHY,CHKSUM_CRC32,0.28635454177856445,0.17695260047912598
JERASURE_RS_CAUCHY,CHKSUM_CRC32,0.2924234867095947,0.19163107872009277
JERASURE_RS_CAUCHY,CHKSUM_CRC32,0.27864670753479004,0.16529607772827148
JERASURE_RS_CAUCHY,CHKSUM_CRC32,0.27877235412597656,0.20235300064086914
JERASURE_RS_CAUCHY,CHKSUM_CRC32,0.2996177673339844,0.17307734489440918
JERASURE_RS_CAUCHY,CHKSUM_CRC32,0.30251312255859375,0.19048833847045898
JERASURE_RS_CAUCHY,CHKSUM_CRC32,0.3008854389190674,0.18830060958862305
JERASURE_RS_CAUCHY,CHKSUM_CRC32,0.29042649269104004,0.20258164405822754
JERASURE_RS_CAUCHY,CHKSUM_CRC32,0.2931363582611084,0.17927813529968262
JERASURE_RS_CAUCHY,CHKSUM_CRC32,0.2962973117828369,0.1735553741455078
JERASURE_RS_CAUCHY,CHKSUM_CRC32,0.29079246520996094,0.1692638397216797
JERASURE_RS_CAUCHY,CHKSUM_CRC32,0.2830832004547119,0.1933608055114746
JERASURE_RS_CAUCHY,CHKSUM_CRC32,0.27819299697875977,0.18922638893127441
JERASURE_RS_CAUCHY,CHKSUM_CRC32,0.2807919979095459,0.1858534812927246
JERASURE_RS_CAUCHY,CHKSUM_CRC32,0.26563072204589844,0.21043133735656738
JERASURE_RS_CAUCHY,CHKSUM_CRC32,0.30971622467041016,0.1735234260559082
JERASURE_RS_CAUCHY,CHKSUM_CRC32,0.2950856685638428,0.18753290176391602
JERASURE_RS_CAUCHY,CHKSUM_CRC32,0.2977466583251953,0.19634032249450684
JERASURE_RS_CAUCHY,CHKSUM_CRC32,0.27408623695373535,0.1899261474609375
JERASURE_RS_CAUCHY,CHKSUM_CRC32,0.2911362648010254,0.17974853515625
JERASURE_RS_CAUCHY,CHKSUM_CRC32,0.30772829055786133,0.18265628814697266
JERASURE_RS_CAUCHY,CHKSUM_CRC32,0.27530956268310547,0.17576003074645996
JERASURE_RS_CAUCHY,CHKSUM_CRC32,0.29015326499938965,0.18654561042785645
JERASURE_RS_CAUCHY,CHKSUM_CRC32,0.335521936416626,0.1810750961303711
JERASURE_RS_CAUCHY,CHKSUM_CRC32,0.272777795791626,0.1833500862121582
JERASURE_RS_CAUCHY,CHKSUM_CRC32,0.26541638374328613,0.17950916290283203
JERASURE_RS_CAUCHY,CHKSUM_CRC32,0.21538114547729492,0.17840838432312012
JERASURE_RS_CAUCHY,CHKSUM_CRC32,0.268817663192749,0.1839616298675537
JERASURE_RS_CAUCHY,CHKSUM_CRC32,0.3003854751586914,0.19301295280456543
JERASURE_RS_CAUCHY,CHKSUM_CRC32,0.28116774559020996,0.1847217082977295
JERASURE_RS_CAUCHY,CHKSUM_CRC32,0.306196928024292,0.1783766746520996
JERASURE_RS_CAUCHY,CHKSUM_CRC32,0.28763580322265625,0.19592070579528809
JERASURE_RS_CAUCHY,CHKSUM_CRC32,0.26677513122558594,0.20515680313110352
JERASURE_RS_CAUCHY,CHKSUM_CRC32,0.2915916442871094,0.1905379295349121
JERASURE_RS_CAUCHY,CHKSUM_CRC32,0.27489185333251953,0.2129826545715332
JERASURE_RS_CAUCHY,CHKSUM_CRC32,0.30716443061828613,0.17064905166625977
JERASURE_RS_CAUCHY,CHKSUM_CRC32,0.29216480255126953,0.17747211456298828
JERASURE_RS_CAUCHY,CHKSUM_CRC32,0.28379154205322266,0.1937873363494873
JERASURE_RS_CAUCHY,CHKSUM_CRC32,0.25844407081604004,0.1437385082244873
JERASURE_RS_CAUCHY,CHKSUM_CRC32,0.3066713809967041,0.16653752326965332
JERASURE_RS_CAUCHY,CHKSUM_CRC32,0.3199939727783203,0.19862771034240723
JERASURE_RS_CAUCHY,CHKSUM_CRC32,0.28975534439086914,0.21761608123779297
JERASURE_RS_CAUCHY,CHKSUM_CRC32,0.3157012462615967,0.17705512046813965
JERASURE_RS_CAUCHY,CHKSUM_CRC32,0.28679990768432617,0.22858953475952148
JERASURE_RS_CAUCHY,CHKSUM_CRC32,0.3108489513397217,0.20566105842590332
JERASURE_RS_CAUCHY,CHKSUM_CRC32,0.2907276153564453,0.20166492462158203
JERASURE_RS_CAUCHY,CHKSUM_CRC32,0.31249475479125977,0.1744227409362793
JERASURE_RS_CAUCHY,CHKSUM_CRC32,0.317096471786499,0.17723393440246582
JERASURE_RS_CAUCHY,CHKSUM_CRC32,0.2991149425506592,0.18817567825317383
JERASURE_RS_CAUCHY,CHKSUM_CRC32,0.29448509216308594,0.1896991729736328
JERASURE_RS_CAUCHY,CHKSUM_CRC32,0.26455187797546387,0.17537856101989746
JERASURE_RS_CAUCHY,CHKSUM_CRC32,0.31676626205444336,0.18628644943237305
JERASURE_RS_CAUCHY,CHKSUM_CRC32,0.31160569190979004,0.19844937324523926
JERASURE_RS_CAUCHY,CHKSUM_CRC32,0.2395939826965332,0.19175100326538086
JERASURE_RS_CAUCHY,CHKSUM_CRC32,0.290055513381958,0.19761085510253906
JERASURE_RS_CAUCHY,CHKSUM_CRC32,0.2644040584564209,0.1779041290283203
JERASURE_RS_CAUCHY,CHKSUM_CRC32,0.27817797660827637,0.20085597038269043
JERASURE_RS_CAUCHY,CHKSUM_CRC32,0.2901570796966553,0.19008517265319824
JERASURE_RS_CAUCHY,CHKSUM_CRC32,0.30817604064941406,0.17074227333068848
JERASURE_RS_CAUCHY,CHKSUM_CRC32,0.29555392265319824,0.19817709922790527
JERASURE_RS_CAUCHY,CHKSUM_CRC32,0.30232954025268555,0.16385388374328613
JERASURE_RS_CAUCHY,CHKSUM_CRC32,0.32265615463256836,0.1751861572265625
JERASURE_RS_CAUCHY,CHKSUM_CRC32,0.3197641372680664,0.19722580909729004
JERASURE_RS_CAUCHY,CHKSUM_CRC32,0.2767183780670166,0.1719520092010498
JERASURE_RS_CAUCHY,CHKSUM_CRC32,0.2663605213165283,0.18609046936035156
JERASURE_RS_CAUCHY,CHKSUM_CRC32,0.28662610054016113,0.18318843841552734
JERASURE_RS_CAUCHY,CHKSUM_CRC32,0.28731584548950195,0.19844555854797363
JERASURE_RS_CAUCHY,CHKSUM_CRC32,0.27272701263427734,0.18862628936767578
JERASURE_RS_CAUCHY,CHKSUM_CRC32,0.3200550079345703,0.18269062042236328
JERASURE_RS_CAUCHY,CHKSUM_CRC32,0.2998223304748535,0.18076109886169434
JERASURE_RS_CAUCHY,CHKSUM_CRC32,0.31375908851623535,0.19070649147033691
JERASURE_RS_CAUCHY,CHKSUM_CRC32,0.29311060905456543,0.1862330436706543
JERASURE_RS_CAUCHY,CHKSUM_CRC32,0.27419352531433105,0.1898486614227295
JERASURE_RS_CAUCHY,CHKSUM_CRC32,0.348665714263916,0.1974961757659912
JERASURE_RS_CAUCHY,CHKSUM_CRC32,0.27662181854248047,0.21261835098266602
JERASURE_RS_CAUCHY,CHKSUM_CRC32,0.2957427501678467,0.16997885704040527
JERASURE_RS_CAUCHY,CHKSUM_CRC32,0.2712829113006592,0.1957695484161377
JERASURE_RS_CAUCHY,CHKSUM_CRC32,0.30593085289001465,0.18665480613708496
JERASURE_RS_CAUCHY,CHKSUM_CRC32,0.30600690841674805,0.17118287086486816
JERASURE_RS_CAUCHY,CHKSUM_CRC32,0.3029959201812744,0.18340635299682617
JERASURE_RS_CAUCHY,CHKSUM_CRC32,0.2924540042877197,0.16784977912902832
JERASURE_RS_CAUCHY,CHKSUM_CRC32,0.27911853790283203,0.18018007278442383
JERASURE_RS_CAUCHY,CHKSUM_CRC32,0.2927882671356201,0.2019944190979004
JERASURE_RS_CAUCHY,CHKSUM_CRC32,0.28990602493286133,0.18506360054016113
JERASURE_RS_CAUCHY,CHKSUM_CRC32,0.3085494041442871,0.20247721672058105
JERASURE_RS_CAUCHY,CHKSUM_CRC32,0.31586241722106934,0.18115448951721191
JERASURE_RS_CAUCHY,CHKSUM_CRC32,0.2708404064178467,0.18853998184204102
JERASURE_RS_CAUCHY,CHKSUM_CRC32,0.2954072952270508,0.2026534080505371
JERASURE_RS_CAUCHY,CHKSUM_MD5,0.2969071865081787,0.1748504638671875
JERASURE_RS_CAUCHY,CHKSUM_MD5,0.3022651672363281,0.18610358238220215
JERASURE_RS_CAUCHY,CHKSUM_MD5,0.30499958992004395,0.15808963775634766
JERASURE_RS_CAUCHY,CHKSUM_MD5,0.22601652145385742,0.20676660537719727
JERASURE_RS_CAUCHY,CHKSUM_MD5,0.30519747734069824,0.2030179500579834
JERASURE_RS_CAUCHY,CHKSUM_MD5,0.3071753978729248,0.1669323444366455
JERASURE_RS_CAUCHY,CHKSUM_MD5,0.30565667152404785,0.19162869453430176
JERASURE_RS_CAUCHY,CHKSUM_MD5,0.2962217330932617,0.18647384643554688
JERASURE_RS_CAUCHY,CHKSUM_MD5,0.276900053024292,0.20351481437683105
JERASURE_RS_CAUCHY,CHKSUM_MD5,0.2966630458831787,0.18945884704589844
JERASURE_RS_CAUCHY,CHKSUM_MD5,0.2984638214111328,0.1999976634979248
JERASURE_RS_CAUCHY,CHKSUM_MD5,0.3214735984802246,0.17813396453857422
JERASURE_RS_CAUCHY,CHKSUM_MD5,0.3074326515197754,0.16850543022155762
JERASURE_RS_CAUCHY,CHKSUM_MD5,0.2896108627319336,0.11721324920654297
JERASURE_RS_CAUCHY,CHKSUM_MD5,0.2916131019592285,0.19125938415527344
JERASURE_RS_CAUCHY,CHKSUM_MD5,0.2749340534210205,0.1966686248779297
JERASURE_RS_CAUCHY,CHKSUM_MD5,0.27843761444091797,0.19378352165222168
JERASURE_RS_CAUCHY,CHKSUM_MD5,0.29785943031311035,0.14000582695007324
JERASURE_RS_CAUCHY,CHKSUM_MD5,0.3088092803955078,0.18213176727294922
JERASURE_RS_CAUCHY,CHKSUM_MD5,0.3088827133178711,0.18187999725341797
JERASURE_RS_CAUCHY,CHKSUM_MD5,0.2832295894622803,0.16761136054992676
JERASURE_RS_CAUCHY,CHKSUM_MD5,0.30260157585144043,0.16665887832641602
JERASURE_RS_CAUCHY,CHKSUM_MD5,0.32572269439697266,0.13555479049682617
JERASURE_RS_CAUCHY,CHKSUM_MD5,0.24698567390441895,0.17705535888671875
JERASURE_RS_CAUCHY,CHKSUM_MD5,0.2915763854980469,0.18064141273498535
JERASURE_RS_CAUCHY,CHKSUM_MD5,0.2962615489959717,0.18793296813964844
JERASURE_RS_CAUCHY,CHKSUM_MD5,0.2721383571624756,0.1932210922241211
JERASURE_RS_CAUCHY,CHKSUM_MD5,0.25418925285339355,0.18058323860168457
JERASURE_RS_CAUCHY,CHKSUM_MD5,0.3108856678009033,0.1685330867767334
JERASURE_RS_CAUCHY,CHKSUM_MD5,0.23250770568847656,0.20408272743225098
JERASURE_RS_CAUCHY,CHKSUM_MD5,0.28000807762145996,0.18703174591064453
JERASURE_RS_CAUCHY,CHKSUM_MD5,0.27698779106140137,0.20798659324645996
JERASURE_RS_CAUCHY,CHKSUM_MD5,0.3053162097930908,0.15953969955444336
JERASURE_RS_CAUCHY,CHKSUM_MD5,0.303905725479126,0.19127821922302246
JERASURE_RS_CAUCHY,CHKSUM_MD5,0.3100738525390625,0.19269204139709473
JERASURE_RS_CAUCHY,CHKSUM_MD5,0.28220510482788086,0.17491960525512695
JERASURE_RS_CAUCHY,CHKSUM_MD5,0.2889087200164795,0.19866561889648438
JERASURE_RS_CAUCHY,CHKSUM_MD5,0.2872138023376465,0.19205379486083984
JERASURE_RS_CAUCHY,CHKSUM_MD5,0.3146333694458008,0.1764545440673828
JERASURE_RS_CAUCHY,CHKSUM_MD5,0.28732776641845703,0.17881083488464355
JERASURE_RS_CAUCHY,CHKSUM_MD5,0.25674962997436523,0.17082929611206055
JERASURE_RS_CAUCHY,CHKSUM_MD5,0.24404644966125488,0.17944931983947754
JERASURE_RS_CAUCHY,CHKSUM_MD5,0.295304536819458,0.17867279052734375
JERASURE_RS_CAUCHY,CHKSUM_MD5,0.3082594871520996,0.18410372734069824
JERASURE_RS_CAUCHY,CHKSUM_MD5,0.28440427780151367,0.17686796188354492
JERASURE_RS_CAUCHY,CHKSUM_MD5,0.3143806457519531,0.18509578704833984
JERASURE_RS_CAUCHY,CHKSUM_MD5,0.2980835437774658,0.1831378936767578
JERASURE_RS_CAUCHY,CHKSUM_MD5,0.30722999572753906,0.20605850219726562
JERASURE_RS_CAUCHY,CHKSUM_MD5,0.2642385959625244,0.20412564277648926
JERASURE_RS_CAUCHY,CHKSUM_MD5,0.2928171157836914,0.16961002349853516
JERASURE_RS_CAUCHY,CHKSUM_MD5,0.29131078720092773,0.1800241470336914
JERASURE_RS_CAUCHY,CHKSUM_MD5,0.2868685722351074,0.18575286865234375
JERASURE_RS_CAUCHY,CHKSUM_MD5,0.31656312942504883,0.17938566207885742
JERASURE_RS_CAUCHY,CHKSUM_MD5,0.2808847427368164,0.18998980522155762
JERASURE_RS_CAUCHY,CHKSUM_MD5,0.30895376205444336,0.19287848472595215
JERASURE_RS_CAUCHY,CHKSUM_MD5,0.3093147277832031,0.18751192092895508
JERASURE_RS_CAUCHY,CHKSUM_MD5,0.2843596935272217,0.1882765293121338
JERASURE_RS_CAUCHY,CHKSUM_MD5,0.300645112991333,0.18531417846679688
JERASURE_RS_CAUCHY,CHKSUM_MD5,0.30081629753112793,0.18653559684753418
JERASURE_RS_CAUCHY,CHKSUM_MD5,0.26436519622802734,0.19555139541625977
JERASURE_RS_CAUCHY,CHKSUM_MD5,0.29497814178466797,0.1970064640045166
JERASURE_RS_CAUCHY,CHKSUM_MD5,0.2904212474822998,0.17864632606506348
JERASURE_RS_CAUCHY,CHKSUM_MD5,0.28479909896850586,0.1636948585510254
JERASURE_RS_CAUCHY,CHKSUM_MD5,0.28228330612182617,0.19211935997009277
JERASURE_RS_CAUCHY,CHKSUM_MD5,0.2966334819793701,0.1904759407043457
JERASURE_RS_CAUCHY,CHKSUM_MD5,0.30257081985473633,0.1722424030303955
JERASURE_RS_CAUCHY,CHKSUM_MD5,0.3123021125793457,0.180466890335083
JERASURE_RS_CAUCHY,CHKSUM_MD5,0.2815580368041992,0.2116234302520752
JERASURE_RS_CAUCHY,CHKSUM_MD5,0.2701129913330078,0.26154136657714844
JERASURE_RS_CAUCHY,CHKSUM_MD5,0.30724430084228516,0.1883866786956787
JERASURE_RS_CAUCHY,CHKSUM_MD5,0.29259634017944336,0.18821191787719727
JERASURE_RS_CAUCHY,CHKSUM_MD5,0.2770993709564209,0.2016305923461914
JERASURE_RS_CAUCHY,CHKSUM_MD5,0.298382043838501,0.18219804763793945
JERASURE_RS_CAUCHY,CHKSUM_MD5,0.2540557384490967,0.1964731216430664
JERASURE_RS_CAUCHY,CHKSUM_MD5,0.2944498062133789,0.14847159385681152
JERASURE_RS_CAUCHY,CHKSUM_MD5,0.277418851852417,0.20075774192810059
JERASURE_RS_CAUCHY,CHKSUM_MD5,0.2843642234802246,0.17362642288208008
JERASURE_RS_CAUCHY,CHKSUM_MD5,0.2992739677429199,0.2012181282043457
JERASURE_RS_CAUCHY,CHKSUM_MD5,0.25545668601989746,0.2093193531036377
JERASURE_RS_CAUCHY,CHKSUM_MD5,0.3054544925689697,0.18551063537597656
JERASURE_RS_CAUCHY,CHKSUM_MD5,0.31401729583740234,0.19007015228271484
JERASURE_RS_CAUCHY,CHKSUM_MD5,0.3059511184692383,0.18246197700500488
JERASURE_RS_CAUCHY,CHKSUM_MD5,0.2336738109588623,0.19759297370910645
JERASURE_RS_CAUCHY,CHKSUM_MD5,0.29091858863830566,0.17455005645751953
JERASURE_RS_CAUCHY,CHKSUM_MD5,0.29783058166503906,0.19231724739074707
JERASURE_RS_CAUCHY,CHKSUM_MD5,0.2784461975097656,0.2131953239440918
JERASURE_RS_CAUCHY,CHKSUM_MD5,0.3093688488006592,0.19521045684814453
JERASURE_RS_CAUCHY,CHKSUM_MD5,0.34267115592956543,0.20738506317138672
JERASURE_RS_CAUCHY,CHKSUM_MD5,0.30490827560424805,0.18499231338500977
JERASURE_RS_CAUCHY,CHKSUM_MD5,0.2902817726135254,0.19425153732299805
JERASURE_RS_CAUCHY,CHKSUM_MD5,0.3017692565917969,0.17960190773010254
JERASURE_RS_CAUCHY,CHKSUM_MD5,0.25902652740478516,0.20623064041137695
JERASURE_RS_CAUCHY,CHKSUM_MD5,0.34146857261657715,0.21648597717285156
JERASURE_RS_CAUCHY,CHKSUM_MD5,0.2942841053009033,0.1897873878479004
JERASURE_RS_CAUCHY,CHKSUM_MD5,0.32712554931640625,0.19950556755065918
JERASURE_RS_CAUCHY,CHKSUM_MD5,0.3286323547363281,0.18607854843139648
JERASURE_RS_CAUCHY,CHKSUM_MD5,0.2420973777770996,0.17679452896118164
JERASURE_RS_CAUCHY,CHKSUM_MD5,0.2868354320526123,0.21039247512817383
JERASURE_RS_CAUCHY,CHKSUM_MD5,0.3154938220977783,0.17487573623657227
JERASURE_RS_CAUCHY,CHKSUM_MD5,0.28359150886535645,0.19907450675964355
LIBERASURECODE_RS_VAND,CHKSUM_NONE,0.2798919677734375,0.18408942222595215
LIBERASURECODE_RS_VAND,CHKSUM_NONE,0.2875699996948242,0.20184040069580078
LIBERASURECODE_RS_VAND,CHKSUM_NONE,0.27393007278442383,0.15955543518066406
LIBERASURECODE_RS_VAND,CHKSUM_NONE,0.3042759895324707,0.18239378929138184
LIBERASURECODE_RS_VAND,CHKSUM_NONE,0.2673623561859131,0.17246389389038086
LIBERASURECODE_RS_VAND,CHKSUM_NONE,0.3179159164428711,0.19356012344360352
LIBERASURECODE_RS_VAND,CHKSUM_NONE,0.23510384559631348,0.13608479499816895
LIBERASURECODE_RS_VAND,CHKSUM_NONE,0.2685408592224121,0.19708919525146484
LIBERASURECODE_RS_VAND,CHKSUM_NONE,0.3303492069244385,0.1607828140258789
LIBERASURECODE_RS_VAND,CHKSUM_NONE,0.29761409759521484,0.20504045486450195
LIBERASURECODE_RS_VAND,CHKSUM_NONE,0.30675792694091797,0.19360065460205078
LIBERASURECODE_RS_VAND,CHKSUM_NONE,0.28189587593078613,0.17706680297851562
LIBERASURECODE_RS_VAND,CHKSUM_NONE,0.2672295570373535,0.21065163612365723
LIBERASURECODE_RS_VAND,CHKSUM_NONE,0.2907676696777344,0.1829390525817871
LIBERASURECODE_RS_VAND,CHKSUM_NONE,0.23388028144836426,0.1899566650390625
LIBERASURECODE_RS_VAND,CHKSUM_NONE,0.2711813449859619,0.17867636680603027
LIBERASURECODE_RS_VAND,CHKSUM_NONE,0.2979919910430908,0.19745659828186035
LIBERASURECODE_RS_VAND,CHKSUM_NONE,0.28587841987609863,0.17956900596618652
LIBERASURECODE_RS_VAND,CHKSUM_NONE,0.29436755180358887,0.17345714569091797
LIBERASURECODE_RS_VAND,CHKSUM_NONE,0.32233762741088867,0.1954631805419922
LIBERASURECODE_RS_VAND,CHKSUM_NONE,0.30027341842651367,0.18220925331115723
LIBERASURECODE_RS_VAND,CHKSUM_NONE,0.299685001373291,0.168381929397583
LIBERASURECODE_RS_VAND,CHKSUM_NONE,0.31148314476013184,0.18004679679870605
LIBERASURECODE_RS_VAND,CHKSUM_NONE,0.3012242317199707,0.19303107261657715
LIBERASURECODE_RS_VAND,CHKSUM_NONE,0.28508615493774414,0.17667531967163086
LIBERASURECODE_RS_VAND,CHKSUM_NONE,0.2960031032562256,0.19027280807495117
LIBERASURECODE_RS_VAND,CHKSUM_NONE,0.2823922634124756,0.17991304397583008
LIBERASURECODE_RS_VAND,CHKSUM_NONE,0.310802698135376,0.18365144729614258
LIBERASURECODE_RS_VAND,CHKSUM_NONE,0.30903196334838867,0.18294358253479004
LIBERASURECODE_RS_VAND,CHKSUM_NONE,0.27762317657470703,0.17165780067443848
LIBERASURECODE_RS_VAND,CHKSUM_NONE,0.29561376571655273,0.1833360195159912
LIBERASURECODE_RS_VAND,CHKSUM_NONE,0.25073671340942383,0.16696691513061523
LIBERASURECODE_RS_VAND,CHKSUM_NONE,0.3060328960418701,0.20304441452026367
LIBERASURECODE_RS_VAND,CHKSUM_NONE,0.2626810073852539,0.19386720657348633
LIBERASURECODE_RS_VAND,CHKSUM_NONE,0.27016448974609375,0.1798102855682373
LIBERASURECODE_RS_VAND,CHKSUM_NONE,0.2831265926361084,0.17311739921569824
LIBERASURECODE_RS_VAND,CHKSUM_NONE,0.3023505210876465,0.18760418891906738
LIBERASURECODE_RS_VAND,CHKSUM_NONE,0.285081148147583,0.18181324005126953
LIBERASURECODE_RS_VAND,CHKSUM_NONE,0.3095743656158447,0.1863245964050293
LIBERASURECODE_RS_VAND,CHKSUM_NONE,0.29689741134643555,0.17637228965759277
LIBERASURECODE_RS_VAND,CHKSUM_NONE,0.2862849235534668,0.18306803703308105
LIBERASURECODE_RS_VAND,CHKSUM_NONE,0.2885005474090576,0.18088078498840332
LIBERASURECODE_RS_VAND,CHKSUM_NONE,0.28744077682495117,0.17471599578857422
LIBERASURECODE_RS_VAND,CHKSUM_NONE,0.29785990715026855,0.19606566429138184
LIBERASURECODE_RS_VAND,CHKSUM_NONE,0.30394506454467773,0.18204879760742188
LIBERASURECODE_RS_VAND,CHKSUM_NONE,0.28640103340148926,0.1880176067352295
LIBERASURECODE_RS_VAND,CHKSUM_NONE,0.28862619400024414,0.18709611892700195
LIBERASURECODE_RS_VAND,CHKSUM_NONE,0.2878689765930176,0.18852758407592773
LIBERASURECODE_RS_VAND,CHKSUM_NONE,0.31446290016174316,0.1767563819885254
LIBERASURECODE_RS_VAND,CHKSUM_NONE,0.30191493034362793,0.1923222541809082
LIBERASURECODE_RS_VAND,CHKSUM_NONE,0.2659471035003662,0.16940021514892578
LIBERASURECODE_RS_VAND,CHKSUM_NONE,0.2862131595611572,0.2043912410736084
LIBERASURECODE_RS_VAND,CHKSUM_NONE,0.2584397792816162,0.21180510520935059
LIBERASURECODE_RS_VAND,CHKSUM_NONE,0.28862762451171875,0.1773533821105957
LIBERASURECODE_RS_VAND,CHKSUM_NONE,0.28951168060302734,0.20980477333068848
LIBERASURECODE_RS_VAND,CHKSUM_NONE,0.28972411155700684,0.20331549644470215
LIBERASURECODE_RS_VAND,CHKSUM_NONE,0.3289821147918701,0.1924898624420166
LIBERASURECODE_RS_VAND,CHKSUM_NONE,0.29662394523620605,0.19004225730895996
LIBERASURECODE_RS_VAND,CHKSUM_NONE,0.2895376682281494,0.19346213340759277
LIBERASURECODE_RS_VAND,CHKSUM_NONE,0.30074024200439453,0.17151641845703125
LIBERASURECODE_RS_VAND,CHKSUM_NONE,0.28536081314086914,0.1979222297668457
LIBERASURECODE_RS_VAND,CHKSUM_NONE,0.3068115711212158,0.18393349647521973
LIBERASURECODE_RS_VAND,CHKSUM_NONE,0.28382349014282227,0.15728163719177246
LIBERASURECODE_RS_VAND,CHKSUM_NONE,0.26206326484680176,0.1945512294769287
LIBERASURECODE_RS_VAND,CHKSUM_NONE,0.28926539421081543,0.17933893203735352
LIBERASURECODE_RS_VAND,CHKSUM_NONE,0.3090193271636963,0.1841135025024414
LIBERASURECODE_RS_VAND,CHKSUM_NONE,0.3083968162536621,0.19164109230041504
LIBERASURECODE_RS_VAND,CHKSUM_NONE,0.25089383125305176,0.1719832420349121
LIBERASURECODE_RS_VAND,CHKSUM_NONE,0.2980766296386719,0.18553972244262695
LIBERASURECODE_RS_VAND,CHKSUM_NONE,0.29511594772338867,0.1864011287689209
LIBERASURECODE_RS_VAND,CHKSUM_NONE,0.2727394104003906,0.2079789638519287
LIBERASURECODE_RS_VAND,CHKSUM_NONE,0.24669361114501953,0.12926745414733887
LIBERASURECODE_RS_VAND,CHKSUM_NONE,0.22128677368164062,0.1771256923675537
LIBERASURECODE_RS_VAND,CHKSUM_NONE,0.2936375141143799,0.17449569702148438
LIBERASURECODE_RS_VAND,CHKSUM_NONE,0.3239939212799072,0.17139172554016113
LIBERASURECODE_RS_VAND,CHKSUM_NONE,0.30675840377807617,0.18589282035827637
LIBERASURECODE_RS_VAND,CHKSUM_NONE,0.26474976539611816,0.1271049976348877
LIBERASURECODE_RS_VAND,CHKSUM_NONE,0.30136704444885254,0.2232820987701416
LIBERASURECODE_RS_VAND,CHKSUM_NONE,0.26787686347961426,0.16857624053955078
LIBERASURECODE_RS_VAND,CHKSUM_NONE,0.24520063400268555,0.11651182174682617
LIBERASURECODE_RS_VAND,CHKSUM_NONE,0.2440946102142334,0.17437958717346191
LIBERASURECODE_RS_VAND,CHKSUM_NONE,0.3094160556793213,0.1999650001525879
LIBERASURECODE_RS_VAND,CHKSUM_NONE,0.284257173538208,0.19556069374084473
LIBERASURECODE_RS_VAND,CHKSUM_NONE,0.23451876640319824,0.19510626792907715
LIBERASURECODE_RS_VAND,CHKSUM_NONE,0.26262736320495605,0.18417835235595703
LIBERASURECODE_RS_VAND,CHKSUM_NONE,0.2829115390777588,0.19271230697631836
LIBERASURECODE_RS_VAND,CHKSUM_NONE,0.30590271949768066,0.17937755584716797
LIBERASURECODE_RS_VAND,CHKSUM_NONE,0.2112133502960205,0.12634778022766113
LIBERASURECODE_RS_VAND,CHKSUM_NONE,0.2789473533630371,0.1822671890258789
LIBERASURECODE_RS_VAND,CHKSUM_NONE,0.2919580936431885,0.17720985412597656
LIBERASURECODE_RS_VAND,CHKSUM_NONE,0.29990506172180176,0.21482610702514648
LIBERASURECODE_RS_VAND,CHKSUM_NONE,0.29117369651794434,0.17059683799743652
LIBERASURECODE_RS_VAND,CHKSUM_NONE,0.2980525493621826,0.18471407890319824
LIBERASURECODE_RS_VAND,CHKSUM_NONE,0.26656055450439453,0.1849813461303711
LIBERASURECODE_RS_VAND,CHKSUM_NONE,0.28853321075439453,0.1961653232574463
LIBERASURECODE_RS_VAND,CHKSUM_NONE,0.3064842224121094,0.1853492259979248
LIBERASURECODE_RS_VAND,CHKSUM_NONE,0.29518580436706543,0.19271540641784668
LIBERASURECODE_RS_VAND,CHKSUM_NONE,0.2841200828552246,0.20303773880004883
LIBERASURECODE_RS_VAND,CHKSUM_NONE,0.2668483257293701,0.1858220100402832
LIBERASURECODE_RS_VAND,CHKSUM_NONE,0.301084041595459,0.1974048614501953
LIBERASURECODE_RS_VAND,CHKSUM_MD5,0.25737667083740234,0.21034669876098633
LIBERASURECODE_RS_VAND,CHKSUM_MD5,0.25446510314941406,0.16754817962646484
LIBERASURECODE_RS_VAND,CHKSUM_MD5,0.2788076400756836,0.19420242309570312
LIBERASURECODE_RS_VAND,CHKSUM_MD5,0.2929835319519043,0.18826675415039062
LIBERASURECODE_RS_VAND,CHKSUM_MD5,0.27605700492858887,0.17014217376708984
LIBERASURECODE_RS_VAND,CHKSUM_MD5,0.2861030101776123,0.19690728187561035
LIBERASURECODE_RS_VAND,CHKSUM_MD5,0.3007652759552002,0.1605825424194336
LIBERASURECODE_RS_VAND,CHKSUM_MD5,0.2906167507171631,0.18042302131652832
LIBERASURECODE_RS_VAND,CHKSUM_MD5,0.288454532623291,0.20231270790100098
LIBERASURECODE_RS_VAND,CHKSUM_MD5,0.2904632091522217,0.1792283058166504
LIBERASURECODE_RS_VAND,CHKSUM_MD5,0.27379846572875977,0.17081594467163086
LIBERASURECODE_RS_VAND,CHKSUM_MD5,0.28466105461120605,0.19592618942260742
LIBERASURECODE_RS_VAND,CHKSUM_MD5,0.26357555389404297,0.18062543869018555
LIBERASURECODE_RS_VAND,CHKSUM_MD5,0.3098762035369873,0.1872692108154297
LIBERASURECODE_RS_VAND,CHKSUM_MD5,0.25048255920410156,0.16842246055603027
LIBERASURECODE_RS_VAND,CHKSUM_MD5,0.2776317596435547,0.19322848320007324
LIBERASURECODE_RS_VAND,CHKSUM_MD5,0.28169727325439453,0.21786952018737793
LIBERASURECODE_RS_VAND,CHKSUM_MD5,0.2967352867126465,0.1706538200378418
LIBERASURECODE_RS_VAND,CHKSUM_MD5,0.29858827590942383,0.19060778617858887
LIBERASURECODE_RS_VAND,CHKSUM_MD5,0.22249674797058105,0.20803499221801758
LIBERASURECODE_RS_VAND,CHKSUM_MD5,0.27027440071105957,0.17697548866271973
LIBERASURECODE_RS_VAND,CHKSUM_MD5,0.2911972999572754,0.18639588356018066
LIBERASURECODE_RS_VAND,CHKSUM_MD5,0.2804145812988281,0.18741655349731445
LIBERASURECODE_RS_VAND,CHKSUM_MD5,0.2820420265197754,0.17482781410217285
LIBERASURECODE_RS_VAND,CHKSUM_MD5,0.2646145820617676,0.1737349033355713
LIBERASURECODE_RS_VAND,CHKSUM_MD5,0.2924971580505371,0.17107319831848145
LIBERASURECODE_RS_VAND,CHKSUM_MD5,0.30942630767822266,0.1332550048828125
LIBERASURECODE_RS_VAND,CHKSUM_MD5,0.26548051834106445,0.18213868141174316
LIBERASURECODE_RS_VAND,CHKSUM_MD5,0.27257871627807617,0.113311767578125
LIBERASURECODE_RS_VAND,CHKSUM_MD5,0.24462103843688965,0.19243955612182617
LIBERASURECODE_RS_VAND,CHKSUM_MD5,0.3079109191894531,0.18232274055480957
LIBERASURECODE_RS_VAND,CHKSUM_MD5,0.2790672779083252,0.20221495628356934
LIBERASURECODE_RS_VAND,CHKSUM_MD5,0.27176570892333984,0.1764822006225586
LIBERASURECODE_RS_VAND,CHKSUM_MD5,0.27190232276916504,0.19782423973083496
LIBERASURECODE_RS_VAND,CHKSUM_MD5,0.2821633815765381,0.15706276893615723
LIBERASURECODE_RS_VAND,CHKSUM_MD5,0.2841463088989258,0.1910076141357422
LIBERASURECODE_RS_VAND,CHKSUM_MD5,0.2929651737213135,0.19869518280029297
LIBERASURECODE_RS_VAND,CHKSUM_MD5,0.27909159660339355,0.20151638984680176
LIBERASURECODE_RS_VAND,CHKSUM_MD5,0.29660725593566895,0.19504117965698242
LIBERASURECODE_RS_VAND,CHKSUM_MD5,0.3030967712402344,0.1697378158569336
LIBERASURECODE_RS_VAND,CHKSUM_MD5,0.2819230556488037,0.17079854011535645
LIBERASURECODE_RS_VAND,CHKSUM_MD5,0.2992260456085205,0.18341588973999023
LIBERASURECODE_RS_VAND,CHKSUM_MD5,0.28185272216796875,0.19160199165344238
LIBERASURECODE_RS_VAND,CHKSUM_MD5,0.31063199043273926,0.17406702041625977
LIBERASURECODE_RS_VAND,CHKSUM_MD5,0.25498294830322266,0.15879392623901367
LIBERASURECODE_RS_VAND,CHKSUM_MD5,0.3231995105743408,0.18910717964172363
LIBERASURECODE_RS_VAND,CHKSUM_MD5,0.262340784072876,0.19901084899902344
LIBERASURECODE_RS_VAND,CHKSUM_MD5,0.28859710693359375,0.16411685943603516
LIBERASURECODE_RS_VAND,CHKSUM_MD5,0.2729644775390625,0.15794134140014648
LIBERASURECODE_RS_VAND,CHKSUM_MD5,0.28396177291870117,0.1748030185699463
LIBERASURECODE_RS_VAND,CHKSUM_MD5,0.2982826232910156,0.1712183952331543
LIBERASURECODE_RS_VAND,CHKSUM_MD5,0.2551569938659668,0.17507028579711914
LIBERASURECODE_RS_VAND,CHKSUM_MD5,0.3090386390686035,0.17115449905395508
LIBERASURECODE_RS_VAND,CHKSUM_MD5,0.25894999504089355,0.19081735610961914
LIBERASURECODE_RS_VAND,CHKSUM_MD5,0.3027925491333008,0.1766977310180664
LIBERASURECODE_RS_VAND,CHKSUM_MD5,0.2801365852355957,0.20867538452148438
LIBERASURECODE_RS_VAND,CHKSUM_MD5,0.3109548091888428,0.17516851425170898
LIBERASURECODE_RS_VAND,CHKSUM_MD5,0.26943039894104004,0.17877459526062012
LIBERASURECODE_RS_VAND,CHKSUM_MD5,0.32639050483703613,0.1708383560180664
LIBERASURECODE_RS_VAND,CHKSUM_MD5,0.29906296730041504,0.20813822746276855
LIBERASURECODE_RS_VAND,CHKSUM_MD5,0.25275635719299316,0.19518566131591797
LIBERASURECODE_RS_VAND,CHKSUM_MD5,0.2026822566986084,0.18275022506713867
LIBERASURECODE_RS_VAND,CHKSUM_MD5,0.28024911880493164,0.16747331619262695
LIBERASURECODE_RS_VAND,CHKSUM_MD5,0.3188211917877197,0.1629173755645752
LIBERASURECODE_RS_VAND,CHKSUM_MD5,0.2615373134613037,0.16967296600341797
LIBERASURECODE_RS_VAND,CHKSUM_MD5,0.2542998790740967,0.18561434745788574
LIBERASURECODE_RS_VAND,CHKSUM_MD5,0.26630568504333496,0.18192577362060547
LIBERASURECODE_RS_VAND,CHKSUM_MD5,0.3092060089111328,0.16712594032287598
LIBERASURECODE_RS_VAND,CHKSUM_MD5,0.29361939430236816,0.20693564414978027
LIBERASURECODE_RS_VAND,CHKSUM_MD5,0.28990745544433594,0.21112918853759766
LIBERASURECODE_RS_VAND,CHKSUM_MD5,0.2830965518951416,0.17585301399230957
LIBERASURECODE_RS_VAND,CHKSUM_MD5,0.19735980033874512,0.17813825607299805
LIBERASURECODE_RS_VAND,CHKSUM_MD5,0.26091575622558594,0.13989996910095215
LIBERASURECODE_RS_VAND,CHKSUM_MD5,0.28982973098754883,0.2044668197631836
LIBERASURECODE_RS_VAND,CHKSUM_MD5,0.2662205696105957,0.1985337734222412
LIBERASURECODE_RS_VAND,CHKSUM_MD5,0.28779077529907227,0.19254207611083984
LIBERASURECODE_RS_VAND,CHKSUM_MD5,0.30757713317871094,0.18453168869018555
LIBERASURECODE_RS_VAND,CHKSUM_MD5,0.31277036666870117,0.17316937446594238
LIBERASURECODE_RS_VAND,CHKSUM_MD5,0.28235793113708496,0.17559456825256348
LIBERASURECODE_RS_VAND,CHKSUM_MD5,0.3059084415435791,0.1864936351776123
LIBERASURECODE_RS_VAND,CHKSUM_MD5,0.2779808044433594,0.18798017501831055
LIBERASURECODE_RS_VAND,CHKSUM_MD5,0.24684810638427734,0.14070582389831543
LIBERASURECODE_RS_VAND,CHKSUM_MD5,0.27081990242004395,0.2422628402709961
LIBERASURECODE_RS_VAND,CHKSUM_MD5,0.3064720630645752,0.19572091102600098
LIBERASURECODE_RS_VAND,CHKSUM_MD5,0.27965402603149414,0.20305991172790527
LIBERASURECODE_RS_VAND,CHKSUM_MD5,0.29306960105895996,0.17851996421813965
LIBERASURECODE_RS_VAND,CHKSUM_MD5,0.273115873336792,0.17513394355773926
LIBERASURECODE_RS_VAND,CHKSUM_MD5,0.2827029228210449,0.20998024940490723
LIBERASURECODE_RS_VAND,CHKSUM_MD5,0.2960648536682129,0.16717529296875
LIBERASURECODE_RS_VAND,CHKSUM_MD5,0.281156063079834,0.19997334480285645
LIBERASURECODE_RS_VAND,CHKSUM_MD5,0.2957754135131836,0.17867612838745117
LIBERASURECODE_RS_VAND,CHKSUM_MD5,0.2817561626434326,0.18668103218078613
LIBERASURECODE_RS_VAND,CHKSUM_MD5,0.2568526268005371,0.20267939567565918
LIBERASURECODE_RS_VAND,CHKSUM_MD5,0.2645835876464844,0.1990196704864502
LIBERASURECODE_RS_VAND,CHKSUM_MD5,0.24402451515197754,0.1535782814025879
LIBERASURECODE_RS_VAND,CHKSUM_MD5,0.234389066696167,0.18982362747192383
LIBERASURECODE_RS_VAND,CHKSUM_MD5,0.29171133041381836,0.17448878288269043
LIBERASURECODE_RS_VAND,CHKSUM_MD5,0.2913401126861572,0.17844176292419434
LIBERASURECODE_RS_VAND,CHKSUM_MD5,0.2796764373779297,0.17394328117370605
LIBERASURECODE_RS_VAND,CHKSUM_MD5,0.2595100402832031,0.14177298545837402
